station_id,lat,lon,material,category,size,buoyancy,source,year,month,station_name,lat_station,lon_station,region,depth_m,effort_id,transect_id,survey_n,day,strip_width_m,speed_knots,time_obs
"0004-MS00200_TR_1,5",39.19295,9.2091,Artificial polymer,buste,C,POS,T,2018,11,"Cagliari_1,5",39.1998166666667,9.20516666666667,Sardegna,24.0,,,,,,,
"0004-MS00200_TR_1,5",39.19186666666667,9.209266666666666,Artificial polymer,reti e lenze,C,NEU,I,2018,11,"Cagliari_1,5",39.1998166666667,9.20516666666667,Sardegna,24.0,,,,,,,
0256-MS01640_TR06,38.96013333333333,8.5096,Artificial polymer,altro,B,NEU,I,2018,11,Porto Botte_06,38.9495666666667,8.50581666666667,Sardegna,55.0,,,,,,,
0004-MS00200_TR06,39.130716666666665,9.2168,Artificial polymer,Imballaggi,D,POS,T,2018,4,Cagliari_06,39.1235666666667,9.22411666666667,Sardegna,54.0,,,,,,,
"0073-MS00370_TR_0,5",39.95638888888889,9.697222222222223,Artificial polymer,buste,C,NEU,T,2018,4,,,,,,,,,,,,
"0073-MS00370_TR_0,5",39.956944444444446,9.697777777777778,Artificial polymer,buste,C,NEU,T,2018,4,,,,,,,,,,,,
"0073-MS00370_TR_0,5",39.95675,9.69838888888889,Artificial polymer,Imballaggi,C,NEU,T,2018,4,,,,,,,,,,,,
"0073-MS00370_TR_0,5",39.95880555555556,9.698583333333334,Artificial polymer,Imballaggi,D,POS,T,2018,4,,,,,,,,,,,,
"0073-MS00370_TR_0,5",39.959250000000004,9.698805555555555,Artificial polymer,buste,C,NEU,T,2018,4,,,,,,,,,,,,
"0073-MS00370_TR_1,5",39.95444444444445,9.713333333333333,Artificial polymer,buste,C,NEU,T,2018,4,"Arbatax_1,5",39.9519666666667,9.7168,Sardegna,84.0,,,,,,,
"0073-MS00370_TR_1,5",39.955555555555556,9.714722222222221,Artificial polymer,buste,C,NEU,T,2018,4,"Arbatax_1,5",39.9519666666667,9.7168,Sardegna,84.0,,,,,,,
"0073-MS00370_TR_1,5",39.9575,9.715277777777777,Artificial polymer,buste,C,NEU,T,2018,4,"Arbatax_1,5",39.9519666666667,9.7168,Sardegna,84.0,,,,,,,
"0073-MS00370_TR_1,5",39.95788888888889,9.715388888888889,Artificial polymer,buste,C,NEU,T,2018,4,"Arbatax_1,5",39.9519666666667,9.7168,Sardegna,84.0,,,,,,,
"0073-MS00370_TR_1,5",39.96025,9.716305555555556,Artificial polymer,scatole plastica,D,POS,T,2018,4,"Arbatax_1,5",39.9519666666667,9.7168,Sardegna,84.0,,,,,,,
"0073-MS00370_TR_1,5",39.96094444444445,9.71738888888889,Artificial polymer,buste,C,NEU,T,2018,4,"Arbatax_1,5",39.9519666666667,9.7168,Sardegna,84.0,,,,,,,
"0073-MS00370_TR_1,5",39.96094444444445,9.71738888888889,Artificial polymer,cassette polistirene,C,POS,T,2018,4,"Arbatax_1,5",39.9519666666667,9.7168,Sardegna,84.0,,,,,,,
"0073-MS00370_TR_1,5",39.96116666666667,9.717666666666666,Artificial polymer,altro,C,POS,T,2018,4,"Arbatax_1,5",39.9519666666667,9.7168,Sardegna,84.0,,,,,,,
0018-MS00110_TR12,38.9468056,9.51658333333333,Artificial polymer,buste,E,NEG,I,2019,1,Villasimius_12,38.93475862,9.515226699,Sardegna,1000.0,,,,,,,
0018-MS00110_TR12,38.9530278,9.51658333333333,Artificial polymer,buste,C,NEG,I,2019,1,Villasimius_12,38.93475862,9.515226699,Sardegna,1000.0,,,,,,,
0182-MS01070_TR03,40.9198333,8.40031666666666,Artificial polymer,cassette polistirene,B,POS,I,2019,1,Porto Torres_3,40.8881666666667,8.39275,Sardegna,33.0,,,,,,,
0182-MS01070_TR06,40.9594833,8.40739999999999,Artificial polymer,cassette polistirene,A,POS,I,2019,1,Porto Torres_6,40.9376,8.402183333333333,Sardegna,45.0,,,,,,,
0182-MS01070_TR06,41.0082333,8.41493333333333,Artificial polymer,cassette polistirene,B,POS,I,2019,1,Porto Torres_6,40.9376,8.402183333333333,Sardegna,45.0,,,,,,,
0182-MS01070_TR06,41.00905,8.4151,Artificial polymer,cassette polistirene,B,POS,I,2019,1,Porto Torres_6,40.9376,8.402183333333333,Sardegna,45.0,,,,,,,
0182-MS01070_TR06,41.00915,8.41513333333333,Artificial polymer,cassette polistirene,B,POS,I,2019,1,Porto Torres_6,40.9376,8.402183333333333,Sardegna,45.0,,,,,,,
0182-MS01070_TR06,41.0164833,8.41683333333333,Artificial polymer,cassette polistirene,B,POS,I,2019,1,Porto Torres_6,40.9376,8.402183333333333,Sardegna,45.0,,,,,,,
0192-MS01200_TR03,40.50755,8.239,Artificial polymer,cassette polistirene,B,POS,I,2019,1,Alghero_3,40.5230333333333,8.2639,Sardegna,53.0,,,,,,,
0192-MS01200_TR06,40.4654833,8.1768,Artificial polymer,altro,A,POS,I,2019,1,Alghero_6,40.48693333333333,8.21605,Sardegna,98.0,,,,,,,
0192-MS01200_TR06,40.4506,8.15951666666666,Artificial polymer,cassette polistirene,B,POS,I,2019,1,Alghero_6,40.48693333333333,8.21605,Sardegna,98.0,,,,,,,
0192-MS01200_TR06,40.4502,8.15875,Artificial polymer,cassette polistirene,B,POS,I,2019,1,Alghero_6,40.48693333333333,8.21605,Sardegna,98.0,,,,,,,
0192-MS01200_TR06,40.4331833,8.13281666666666,Artificial polymer,teli,H,NEG,I,2019,1,Alghero_6,40.48693333333333,8.21605,Sardegna,98.0,,,,,,,
0222-MS01380_TR06,39.8329,8.45268333333333,Artificial polymer,reti e lenze,C,NEU,M,2019,1,Oristano_6,39.82585334,8.438476544,Sardegna,26.0,,,,,,,
0004-MS00200_TR12,39.0372,9.24835,Artificial polymer,scatole plastica,C,POS,T,2019,3,Cagliari_12,39.02389612,9.248386794,Sardegna,400.0,,,,,,,
0004-MS00200_TR12,39.03942,9.24776,Artificial polymer,reti e lenze,C,POS,M,2019,3,Cagliari_12,39.02389612,9.248386794,Sardegna,400.0,,,,,,,
0004-MS00200_TR12,39.05436,9.24323,Artificial polymer,scatole plastica,C,POS,T,2019,3,Cagliari_12,39.02389612,9.248386794,Sardegna,400.0,,,,,,,
0004-MS00200_TR12,39.06667,9.23817,Artificial polymer,scatole plastica,B,POS,T,2019,3,Cagliari_12,39.02389612,9.248386794,Sardegna,400.0,,,,,,,
0004-MS00200_TR12,39.07305,9.23667,Processed wood,altro,E,POS,T,2019,3,Cagliari_12,39.02389612,9.248386794,Sardegna,400.0,,,,,,,
0004-MS00200_TR12,39.08103,9.23393,Artificial polymer,scatole plastica,B,POS,T,2019,3,Cagliari_12,39.02389612,9.248386794,Sardegna,400.0,,,,,,,
0004-MS00200_TR12,39.08461,9.23295,Artificial polymer,scatole plastica,B,POS,T,2019,3,Cagliari_12,39.02389612,9.248386794,Sardegna,400.0,,,,,,,
0004-MS00200_TR12,39.08837,9.23365,Artificial polymer,scatole plastica,B,POS,T,2019,3,Cagliari_12,39.02389612,9.248386794,Sardegna,400.0,,,,,,,
0004-MS00200_TR12,39.099,9.23288,Artificial polymer,cime,F,POS,M,2019,3,Cagliari_12,39.02389612,9.248386794,Sardegna,400.0,,,,,,,
0004-MS00200_TR12,39.09335,9.23222,Artificial polymer,buste,C,POS,T,2019,3,Cagliari_12,39.02389612,9.248386794,Sardegna,400.0,,,,,,,
0004-MS00200_TR12,39.09667,9.23111,Artificial polymer,scatole plastica,F,POS,T,2019,3,Cagliari_12,39.02389612,9.248386794,Sardegna,400.0,,,,,,,
0004-MS00200_TR12,39.09786,9.23079,Artificial polymer,teli,E,NEU,T,2019,3,Cagliari_12,39.02389612,9.248386794,Sardegna,400.0,,,,,,,
0004-MS00200_TR12,39.10496,9.22837,Artificial polymer,scatole plastica,A,POS,T,2019,3,Cagliari_12,39.02389612,9.248386794,Sardegna,400.0,,,,,,,
0004-MS00200_TR12,39.10722,9.22787,Artificial polymer,scatole plastica,A,POS,T,2019,3,Cagliari_12,39.02389612,9.248386794,Sardegna,400.0,,,,,,,
0004-MS00200_TR12,39.11074,9.22708,Artificial polymer,scatole plastica,A,POS,T,2019,3,Cagliari_12,39.02389612,9.248386794,Sardegna,400.0,,,,,,,
0004-MS00200_TR12,39.11414,9.22608,Artificial polymer,buste,C,NEU,T,2019,3,Cagliari_12,39.02389612,9.248386794,Sardegna,400.0,,,,,,,
0004-MS00200_TR12,39.11712,9.2251,Artificial polymer,buste,D,NEU,T,2019,3,Cagliari_12,39.02389612,9.248386794,Sardegna,400.0,,,,,,,
0004-MS00200_TR12,39.12013,9.22449,Artificial polymer,buste,C,NEU,T,2019,3,Cagliari_12,39.02389612,9.248386794,Sardegna,400.0,,,,,,,
0004-MS00200_TR12,39.12212,9.22418,Artificial polymer,buste,A,NEU,T,2019,3,Cagliari_12,39.02389612,9.248386794,Sardegna,400.0,,,,,,,
0004-MS00200_TR06,39.13288,9.22513,Artificial polymer,scatole plastica,A,POS,T,2019,3,Cagliari_6,39.12184042,9.22315355,Sardegna,55.0,,,,,,,
0004-MS00200_TR06,39.13918,9.22517,Artificial polymer,buste,C,POS,T,2019,3,Cagliari_6,39.12184042,9.22315355,Sardegna,55.0,,,,,,,
0004-MS00200_TR06,39.13937,9.22508,Artificial polymer,buste,C,POS,T,2019,3,Cagliari_6,39.12184042,9.22315355,Sardegna,55.0,,,,,,,
0004-MS00200_TR06,39.14364,9.22249,Artificial polymer,cassette polistirene,C,POS,T,2019,3,Cagliari_6,39.12184042,9.22315355,Sardegna,55.0,,,,,,,
0004-MS00200_TR06,39.15258,9.21915,Artificial polymer,retine molluschi ,A,POS,T,2019,3,Cagliari_6,39.12184042,9.22315355,Sardegna,55.0,,,,,,,
0004-MS00200_TR06,39.16917,9.21319,Artificial polymer,buste,C,POS,T,2019,3,Cagliari_6,39.12184042,9.22315355,Sardegna,55.0,,,,,,,
0018-MS00110_TR12,38.9785833,9.51098333333333,Artificial polymer,schiuma/poliuretano,B,POS,I,2019,3,Villasimius_12,38.93475862,9.515226699,Sardegna,1000.0,,,,,,,
0018-MS00110_TR12,38.9817,9.5103,Artificial polymer,altro,A,POS,I,2019,3,Villasimius_12,38.93475862,9.515226699,Sardegna,1000.0,,,,,,,
0018-MS00110_TR12,39.0127833,9.50301666666666,Artificial polymer,bottiglie,C,NEG,T,2019,3,Villasimius_12,38.93475862,9.515226699,Sardegna,1000.0,,,,,,,
0018-MS00110_TR12,39.0206333,9.50255,Artificial polymer,Imballaggi,A,POS,I,2019,3,Villasimius_12,38.93475862,9.515226699,Sardegna,1000.0,,,,,,,
0018-MS00110_TR12,39.022,9.50183333333333,Artificial polymer,Imballaggi,A,NEU,I,2019,3,Villasimius_12,38.93475862,9.515226699,Sardegna,1000.0,,,,,,,
0018-MS00110_TR12,39.0278167,9.50016666666666,Artificial polymer,Imballaggi,A,NEG,I,2019,3,Villasimius_12,38.93475862,9.515226699,Sardegna,1000.0,,,,,,,
0018-MS00110_TR12,39.0334,9.5023,Artificial polymer,buste,E,NEG,T,2019,3,Villasimius_12,38.93475862,9.515226699,Sardegna,1000.0,,,,,,,
0018-MS00110_TR06,39.0406333,9.50606666666666,Artificial polymer,reti e lenze,A,NEU,I,2019,3,Villasimius_6,39.03454361,9.498402779,Sardegna,600.0,,,,,,,
0018-MS00110_TR06,39.04775,9.50365,Artificial polymer,buste,D,NEG,T,2019,3,Villasimius_6,39.03454361,9.498402779,Sardegna,600.0,,,,,,,
0018-MS00110_TR06,39.0500333,9.50236666666666,Artificial polymer,buste,B,NEU,T,2019,3,Villasimius_6,39.03454361,9.498402779,Sardegna,600.0,,,,,,,
0018-MS00110_TR06,39.0504,9.5022,Artificial polymer,buste,B,NEU,T,2019,3,Villasimius_6,39.03454361,9.498402779,Sardegna,600.0,,,,,,,
0018-MS00110_TR06,39.0529333,9.5023,Artificial polymer,altro,D,NEU,T,2019,3,Villasimius_6,39.03454361,9.498402779,Sardegna,600.0,,,,,,,
0018-MS00110_TR06,39.05395,9.50171666666666,Artificial polymer,buste,A,NEU,I,2019,3,Villasimius_6,39.03454361,9.498402779,Sardegna,600.0,,,,,,,
0018-MS00110_TR06,39.0558333,9.49955,Artificial polymer,buste,A,NEU,T,2019,3,Villasimius_6,39.03454361,9.498402779,Sardegna,600.0,,,,,,,
0018-MS00110_TR06,39.0568,9.49928333333333,Artificial polymer,buste,A,POS,T,2019,3,Villasimius_6,39.03454361,9.498402779,Sardegna,600.0,,,,,,,
0018-MS00110_TR06,39.0576333,9.499,Artificial polymer,altro,B,POS,T,2019,3,Villasimius_6,39.03454361,9.498402779,Sardegna,600.0,,,,,,,
0018-MS00110_TR06,39.06335,9.4982,Artificial polymer,reti e lenze,E,NEU,M,2019,3,Villasimius_6,39.03454361,9.498402779,Sardegna,600.0,,,,,,,
0018-MS00110_TR06,39.0666833,9.4973,Artificial polymer,cassette polistirene,F,POS,M,2019,3,Villasimius_6,39.03454361,9.498402779,Sardegna,600.0,,,,,,,
0018-MS00110_TR06,39.0706333,9.49611666666666,Processed wood,altro,B,POS,T,2019,3,Villasimius_6,39.03454361,9.498402779,Sardegna,600.0,,,,,,,
0182-MS01070_TR12,41.0037167,8.41615,Artificial polymer,bottiglie,A,POS,I,2019,3,Porto Torres_12,41.03703333333333,8.421433333333333,Sardegna,74.0,,,,,,,
0182-MS01070_TR12,40.9633667,8.40831666666666,Artificial polymer,buste,B,POS,I,2019,3,Porto Torres_12,41.03703333333333,8.421433333333333,Sardegna,74.0,,,,,,,
0182-MS01070_TR06,40.93245,8.40196666666666,Artificial polymer,cassette polistirene,B,POS,I,2019,3,Porto Torres_6,40.9376,8.402183333333333,Sardegna,45.0,,,,,,,
0182-MS01070_TR06,40.9315833,8.40138333333333,Artificial polymer,buste,B,POS,I,2019,3,Porto Torres_6,40.9376,8.402183333333333,Sardegna,45.0,,,,,,,
0182-MS01070_TR06,40.9273833,8.40053333333333,Artificial polymer,Imballaggi,A,NEU,I,2019,3,Porto Torres_6,40.9376,8.402183333333333,Sardegna,45.0,,,,,,,
0182-MS01070_TR06,40.9191,8.40083333333333,Artificial polymer,buste,B,NEU,I,2019,3,Porto Torres_6,40.9376,8.402183333333333,Sardegna,45.0,,,,,,,
0182-MS01070_TR06,40.9175333,8.40086666666666,Artificial polymer,buste,B,NEU,I,2019,3,Porto Torres_6,40.9376,8.402183333333333,Sardegna,45.0,,,,,,,
0182-MS01070_TR06,40.9078,8.39896666666666,Artificial polymer,buste,B,NEU,I,2019,3,Porto Torres_6,40.9376,8.402183333333333,Sardegna,45.0,,,,,,,
0182-MS01070_TR06,40.9042833,8.3979,Artificial polymer,buste,B,NEU,I,2019,3,Porto Torres_6,40.9376,8.402183333333333,Sardegna,45.0,,,,,,,
0182-MS01070_TR06,40.90265,8.39746666666666,Artificial polymer,Imballaggi,C,NEU,I,2019,3,Porto Torres_6,40.9376,8.402183333333333,Sardegna,45.0,,,,,,,
0182-MS01070_TR06,40.9017333,8.39726666666666,Artificial polymer,buste,B,NEU,I,2019,3,Porto Torres_6,40.9376,8.402183333333333,Sardegna,45.0,,,,,,,
0182-MS01070_TR06,40.8935833,8.3949,Artificial polymer,buste,B,NEU,I,2019,3,Porto Torres_6,40.9376,8.402183333333333,Sardegna,45.0,,,,,,,
0192-MS01200_TR03,40.4983333,8.22741666666666,Artificial polymer,cassette polistirene,B,POS,I,2019,3,Alghero_3,40.5230333333333,8.2639,Sardegna,53.0,,,,,,,
0192-MS01200_TR03,40.4889833,8.21753333333333,Artificial polymer,cime,X,NEG,M,2019,3,Alghero_3,40.5230333333333,8.2639,Sardegna,53.0,,,,,,,
0192-MS01200_TR06,40.44655,8.15766666666666,Artificial polymer,cassette polistirene,B,POS,I,2019,3,Alghero_6,40.48693333333333,8.21605,Sardegna,98.0,,,,,,,
0192-MS01200_TR06,40.4398667,8.14368333333333,Artificial polymer,Imballaggi,B,NEU,I,2019,3,Alghero_6,40.48693333333333,8.21605,Sardegna,98.0,,,,,,,
0192-MS01200_TR06,40.4398,8.14351666666666,Artificial polymer,Imballaggi,C,NEU,I,2019,3,Alghero_6,40.48693333333333,8.21605,Sardegna,98.0,,,,,,,
0192-MS01200_TR06,40.4380167,8.14055,Artificial polymer,Imballaggi,C,NEU,I,2019,3,Alghero_6,40.48693333333333,8.21605,Sardegna,98.0,,,,,,,
0222-MS01380_TR06,39.8455833,8.45736666666666,Artificial polymer,reti e lenze,E,NEU,T,2019,3,Oristano_6,39.82585334,8.438476544,Sardegna,26.0,,,,,,,
0222-MS01380_TR06,39.8477667,8.4619,Artificial polymer,buste,B,NEU,T,2019,3,Oristano_6,39.82585334,8.438476544,Sardegna,26.0,,,,,,,
0018-MS00110_TR12,38.944217,9.518833,Artificial polymer,Imballaggi,C,NEU,I,2019,5,Villasimius_12,38.93475862,9.515226699,Sardegna,1000.0,,,,,,,
0018-MS00110_TR12,38.9667,9.517683,Artificial polymer,buste,A,POS,T,2019,5,Villasimius_12,38.93475862,9.515226699,Sardegna,1000.0,,,,,,,
0018-MS00110_TR12,39.030633,9.507917,Artificial polymer,scatole plastica,A,NEU,T,2019,5,Villasimius_12,38.93475862,9.515226699,Sardegna,1000.0,,,,,,,
0018-MS00110_TR12,39.032717,9.507667,Artificial polymer,scatole plastica,A,NEU,T,2019,5,Villasimius_12,38.93475862,9.515226699,Sardegna,1000.0,,,,,,,
0018-MS00110_TR06,39.050726,9.504691,Artificial polymer,Imballaggi,A,NEU,I,2019,5,Villasimius_6,39.03454361,9.498402779,Sardegna,600.0,,,,,,,
0018-MS00110_TR06,39.057133,9.504267,Artificial polymer,Imballaggi,A,POS,T,2019,5,Villasimius_6,39.03454361,9.498402779,Sardegna,600.0,,,,,,,
0018-MS00110_TR06,39.058783,9.503767,Artificial polymer,scatole plastica,A,NEU,T,2019,5,Villasimius_6,39.03454361,9.498402779,Sardegna,600.0,,,,,,,
0073-MS00370_TR12,39.9489833,9.87125,Artificial polymer,cassette polistirene,E,POS,T,2019,5,Arbatax_12,39.95054258,9.944859824,Sardegna,1250.0,,,,,,,
0129-MS00730_TR06,40.9674167,9.63666666666666,Artificial polymer,bottiglie,C,POS,T,2019,5,Olbia_6,40.9934666666667,9.67835,Sardegna,70.0,,,,,,,
0192-MS01200_TR12,40.4162833,8.12633333333333,Artificial polymer,altro,B,NEU,I,2019,5,Alghero_12,40.41716666666667,8.12245,Sardegna,118.0,,,,,,,
0192-MS01200_TR12,40.4177333,8.12813333333333,Artificial polymer,Imballaggi,B,POS,I,2019,5,Alghero_12,40.41716666666667,8.12245,Sardegna,118.0,,,,,,,
0192-MS01200_TR12,40.42485,8.13721666666666,Artificial polymer,buste,B,NEU,I,2019,5,Alghero_12,40.41716666666667,8.12245,Sardegna,118.0,,,,,,,
0192-MS01200_TR12,40.4455333,8.1627,Artificial polymer,cassette polistirene,C,POS,I,2019,5,Alghero_12,40.41716666666667,8.12245,Sardegna,118.0,,,,,,,
0222-MS01380_TR12,39.7880333,8.37004999999999,Artificial polymer,buste,D,NEG,T,2019,5,Oristano_12,39.7522796,8.345345831,Sardegna,49.0,,,,,,,
0222-MS01380_TR12,39.79165,8.37273333333333,Artificial polymer,buste,E,NEG,T,2019,5,Oristano_12,39.7522796,8.345345831,Sardegna,49.0,,,,,,,
0222-MS01380_TR12,39.7942167,8.37475,Artificial polymer,buste,C,NEG,T,2019,5,Oristano_12,39.7522796,8.345345831,Sardegna,49.0,,,,,,,
0222-MS01380_TR12,39.79715,8.37755,Artificial polymer,scatole plastica,B,NEU,T,2019,5,Oristano_12,39.7522796,8.345345831,Sardegna,49.0,,,,,,,
0222-MS01380_TR12,39.79195,8.43218333333333,Artificial polymer,bottiglie,A,NEU,T,2019,5,Oristano_12,39.7522796,8.345345831,Sardegna,49.0,,,,,,,
0222-MS01380_TR06,39.8361,8.44493333333333,Artificial polymer,teli,D,NEU,T,2019,5,Oristano_6,39.82585334,8.438476544,Sardegna,26.0,,,,,,,
0222-MS01380_TR06,39.83855,8.4473,Artificial polymer,teli,D,NEU,T,2019,5,Oristano_6,39.82585334,8.438476544,Sardegna,26.0,,,,,,,
0222-MS01380_TR06,39.8394167,8.44808333333333,Artificial polymer,buste,C,NEU,T,2019,5,Oristano_6,39.82585334,8.438476544,Sardegna,26.0,,,,,,,
0222-MS01380_TR06,39.8405667,8.44941666666666,Artificial polymer,buste,D,NEU,T,2019,5,Oristano_6,39.82585334,8.438476544,Sardegna,26.0,,,,,,,
0222-MS01380_TR06,39.8405667,8.44941666666666,Artificial polymer,buste,C,NEU,T,2019,5,Oristano_6,39.82585334,8.438476544,Sardegna,26.0,,,,,,,
0222-MS01380_TR06,39.8468167,8.45791666666666,Artificial polymer,buste,A,NEU,T,2019,5,Oristano_6,39.82585334,8.438476544,Sardegna,26.0,,,,,,,
0222-MS01380_TR06,39.8509167,8.4645,Artificial polymer,cassette polistirene,B,NEU,T,2019,5,Oristano_6,39.82585334,8.438476544,Sardegna,26.0,,,,,,,
0222-MS01380_TR06,39.8585833,8.48498333333333,Artificial polymer,buste,B,NEG,T,2019,5,Oristano_6,39.82585334,8.438476544,Sardegna,26.0,,,,,,,
0222-MS01380_TR06,39.8586667,8.4861,Artificial polymer,teli,B,NEU,T,2019,5,Oristano_6,39.82585334,8.438476544,Sardegna,26.0,,,,,,,
0004-MS00200_TR12,39.0401,9.24564,Artificial polymer,cassette polistirene,C,POS,I,2019,7,Cagliari_12,39.02389612,9.248386794,Sardegna,400.0,,,,,,,
0004-MS00200_TR12,39.04062,9.24544,Artificial polymer,cime,E,POS,I,2019,7,Cagliari_12,39.02389612,9.248386794,Sardegna,400.0,,,,,,,
0004-MS00200_TR12,39.05761,9.24064,Artificial polymer,altro,B,POS,I,2019,7,Cagliari_12,39.02389612,9.248386794,Sardegna,400.0,,,,,,,
0004-MS00200_TR12,39.06167,9.23885,Artificial polymer,altro,B,POS,I,2019,7,Cagliari_12,39.02389612,9.248386794,Sardegna,400.0,,,,,,,
0004-MS00200_TR12,39.07232,9.23595,Artificial polymer,buste,E,POS,I,2019,7,Cagliari_12,39.02389612,9.248386794,Sardegna,400.0,,,,,,,
0004-MS00200_TR12,39.09731,9.2287,Artificial polymer,buste,C,POS,I,2019,7,Cagliari_12,39.02389612,9.248386794,Sardegna,400.0,,,,,,,
0004-MS00200_TR12,39.10228,9.22747,Artificial polymer,buste,F,NEG,I,2019,7,Cagliari_12,39.02389612,9.248386794,Sardegna,400.0,,,,,,,
0004-MS00200_TR12,39.1094,9.22613,Artificial polymer,buste,B,NEG,I,2019,7,Cagliari_12,39.02389612,9.248386794,Sardegna,400.0,,,,,,,
0004-MS00200_TR12,39.11022,9.22565,Artificial polymer,altro,B,POS,I,2019,7,Cagliari_12,39.02389612,9.248386794,Sardegna,400.0,,,,,,,
0004-MS00200_TR12,39.11419,9.22468,Artificial polymer,buste,C,POS,I,2019,7,Cagliari_12,39.02389612,9.248386794,Sardegna,400.0,,,,,,,
0004-MS00200_TR06,39.123785,9.224098,Artificial polymer,altro,E,POS,I,2019,7,Cagliari_6,39.12184042,9.22315355,Sardegna,55.0,,,,,,,
0004-MS00200_TR06,39.129598,9.21939,Artificial polymer,altro,F,POS,T,2019,7,Cagliari_6,39.12184042,9.22315355,Sardegna,55.0,,,,,,,
0004-MS00200_TR06,39.1709,9.20589,Artificial polymer,buste,E,NEU,T,2019,7,Cagliari_6,39.12184042,9.22315355,Sardegna,55.0,,,,,,,
0018-MS00110_TR03,39.07693,9.49503,Artificial polymer,bottiglie,D,POS,T,2019,7,Villasimius_3,39.08426364,9.49067552,Sardegna,52.0,,,,,,,
0018-MS00110_TR03,39.04927,9.49841,Rubber,altro,B,POS,I,2019,7,Villasimius_3,39.08426364,9.49067552,Sardegna,52.0,,,,,,,
0018-MS00110_TR03,39.03923,9.49806,Artificial polymer,buste,C,NEG,T,2019,7,Villasimius_3,39.08426364,9.49067552,Sardegna,52.0,,,,,,,
0018-MS00110_TR12,38.94715,9.24564,Artificial polymer,buste,B,NEU,I,2019,7,Villasimius_12,38.93475862,9.515226699,Sardegna,1000.0,,,,,,,
0018-MS00110_TR12,38.94991,9.51103,Artificial polymer,cassette polistirene,B,POS,I,2019,7,Villasimius_12,38.93475862,9.515226699,Sardegna,1000.0,,,,,,,
0018-MS00110_TR12,38.95201,9.51072,Artificial polymer,buste,C,NEU,I,2019,7,Villasimius_12,38.93475862,9.515226699,Sardegna,1000.0,,,,,,,
0018-MS00110_TR12,38.98837,9.50323,Artificial polymer,buste,C,NEG,I,2019,7,Villasimius_12,38.93475862,9.515226699,Sardegna,1000.0,,,,,,,
0018-MS00110_TR12,39.00237,9.49946,Artificial polymer,buste,C,NEU,I,2019,7,Villasimius_12,38.93475862,9.515226699,Sardegna,1000.0,,,,,,,
0018-MS00110_TR12,39.02089,9.49668,Artificial polymer,buste,C,NEU,I,2019,7,Villasimius_12,38.93475862,9.515226699,Sardegna,1000.0,,,,,,,
0018-MS00110_TR12,39.02215,9.49652,Artificial polymer,altro,C,NEG,I,2019,7,Villasimius_12,38.93475862,9.515226699,Sardegna,1000.0,,,,,,,
0073-MS00370_TR12,39.94521,9.94136,Artificial polymer,buste,D,POS,I,2019,7,Arbatax_12,39.95054258,9.944859824,Sardegna,1250.0,,,,,,,
0073-MS00370_TR12,39.9445,9.92735,Artificial polymer,buste,D,POS,I,2019,7,Arbatax_12,39.95054258,9.944859824,Sardegna,1250.0,,,,,,,
0073-MS00370_TR12,39.9445,9.92702,Artificial polymer,buste,D,POS,I,2019,7,Arbatax_12,39.95054258,9.944859824,Sardegna,1250.0,,,,,,,
0073-MS00370_TR12,39.94623,9.85298,Artificial polymer,buste,D,POS,I,2019,7,Arbatax_12,39.95054258,9.944859824,Sardegna,1250.0,,,,,,,
0182-MS01070_TR12,40.9465333,8.4021,Artificial polymer,cassette polistirene,G,POS,M,2019,7,Porto Torres_12,41.03703333333333,8.421433333333333,Sardegna,74.0,,,,,,,
0182-MS01070_TR06,40.8882,8.39751666666666,Artificial polymer,buste,E,POS,M,2019,7,Porto Torres_6,40.9376,8.402183333333333,Sardegna,45.0,,,,,,,
0192-MS01200_TR12,40.4536833,8.1668,Artificial polymer,buste,D,NEU,I,2019,7,Alghero_12,40.41716666666667,8.12245,Sardegna,118.0,,,,,,,
0192-MS01200_TR12,40.4706,8.18595,Artificial polymer,buste,D,NEU,I,2019,7,Alghero_12,40.41716666666667,8.12245,Sardegna,118.0,,,,,,,
0192-MS01200_TR12,40.4818833,8.20198333333333,Artificial polymer,altro,D,NEU,I,2019,7,Alghero_12,40.41716666666667,8.12245,Sardegna,118.0,,,,,,,
0192-MS01200_TR12,40.48495,8.20056666666666,Artificial polymer,altro,D,NEU,I,2019,7,Alghero_12,40.41716666666667,8.12245,Sardegna,118.0,,,,,,,
0222-MS01380_TR12,39.7540333,8.3463,Artificial polymer,teli,D,NEU,T,2019,7,Oristano_12,39.7522796,8.345345831,Sardegna,49.0,,,,,,,
0222-MS01380_TR12,39.8024167,8.38623333333333,Artificial polymer,bottiglie,D,NEU,T,2019,7,Oristano_12,39.7522796,8.345345831,Sardegna,49.0,,,,,,,
0222-MS01380_TR12,39.80375,8.3876,Artificial polymer,buste,B,NEU,T,2019,7,Oristano_12,39.7522796,8.345345831,Sardegna,49.0,,,,,,,
0222-MS01380_TR12,39.8051167,8.38893333333333,Artificial polymer,bottiglie,B,NEU,T,2019,7,Oristano_12,39.7522796,8.345345831,Sardegna,49.0,,,,,,,
0222-MS01380_TR12,39.8224333,8.40725,Artificial polymer,teli,B,NEU,T,2019,7,Oristano_12,39.7522796,8.345345831,Sardegna,49.0,,,,,,,
0222-MS01380_TR12,39.8233,8.40835,Artificial polymer,teli,D,NEU,T,2019,7,Oristano_12,39.7522796,8.345345831,Sardegna,49.0,,,,,,,
0222-MS01380_TR12,39.8241833,8.40935,Paper/cardboard,buste/imballaggi,E,NEU,T,2019,7,Oristano_12,39.7522796,8.345345831,Sardegna,49.0,,,,,,,
0004-MS00200_TR03,39.16221,9.22371,Artificial polymer,buste,D,NEG,I,2019,9,Cagliari_3,39.1724533,9.210113467,Sardegna,24.0,,,,,,,
0004-MS00200_TR12,39.02664,9.26509,Artificial polymer,buste,B,NEG,I,2019,9,Cagliari_12,39.02389612,9.248386794,Sardegna,400.0,,,,,,,
0004-MS00200_TR12,39.03315,9.2619,Artificial polymer,buste,A,POS,I,2019,9,Cagliari_12,39.02389612,9.248386794,Sardegna,400.0,,,,,,,
0004-MS00200_TR12,39.04519,9.25644,Artificial polymer,buste,A,POS,I,2019,9,Cagliari_12,39.02389612,9.248386794,Sardegna,400.0,,,,,,,
0004-MS00200_TR12,39.0575,9.25147,Artificial polymer,buste,C,POS,I,2019,9,Cagliari_12,39.02389612,9.248386794,Sardegna,400.0,,,,,,,
0004-MS00200_TR12,39.05886,9.2509,Artificial polymer,buste,C,POS,I,2019,9,Cagliari_12,39.02389612,9.248386794,Sardegna,400.0,,,,,,,
0004-MS00200_TR12,39.06649,9.2472,Artificial polymer,bottiglie,C,POS,I,2019,9,Cagliari_12,39.02389612,9.248386794,Sardegna,400.0,,,,,,,
0004-MS00200_TR12,39.06933,9.24594,Artificial polymer,buste,A,POS,I,2019,9,Cagliari_12,39.02389612,9.248386794,Sardegna,400.0,,,,,,,
0004-MS00200_TR12,39.08907,9.23582,Artificial polymer,buste,A,POS,I,2019,9,Cagliari_12,39.02389612,9.248386794,Sardegna,400.0,,,,,,,
0004-MS00200_TR12,39.10565,9.22571,Artificial polymer,cime,G,NEU,M,2019,9,Cagliari_12,39.02389612,9.248386794,Sardegna,400.0,,,,,,,
0004-MS00200_TR12,39.10816,9.22458,Artificial polymer,bottiglie,C,POS,I,2019,9,Cagliari_12,39.02389612,9.248386794,Sardegna,400.0,,,,,,,
0004-MS00200_TR12,39.1097,9.22417,Artificial polymer,bottiglie,C,POS,I,2019,9,Cagliari_12,39.02389612,9.248386794,Sardegna,400.0,,,,,,,
0004-MS00200_TR12,39.11813,9.22177,Artificial polymer,buste,D,POS,I,2019,9,Cagliari_12,39.02389612,9.248386794,Sardegna,400.0,,,,,,,
0018-MS00110_TR12,38.94229,9.51828,Artificial polymer,altro,B,POS,I,2019,9,Villasimius_12,38.93475862,9.515226699,Sardegna,1000.0,,,,,,,
0018-MS00110_TR12,38.94502,9.51733,Artificial polymer,buste,B,POS,T,2019,9,Villasimius_12,38.93475862,9.515226699,Sardegna,1000.0,,,,,,,
0018-MS00110_TR12,38.94599,9.51897,Artificial polymer,buste,C,POS,T,2019,9,Villasimius_12,38.93475862,9.515226699,Sardegna,1000.0,,,,,,,
0018-MS00110_TR12,38.9468,9.51968,Artificial polymer,buste,D,POS,T,2019,9,Villasimius_12,38.93475862,9.515226699,Sardegna,1000.0,,,,,,,
0018-MS00110_TR12,38.95095,9.52159,Artificial polymer,buste,B,POS,T,2019,9,Villasimius_12,38.93475862,9.515226699,Sardegna,1000.0,,,,,,,
0018-MS00110_TR12,38.95152,9.52203,Artificial polymer,buste,F,POS,T,2019,9,Villasimius_12,38.93475862,9.515226699,Sardegna,1000.0,,,,,,,
0018-MS00110_TR12,38.95287,9.52286,Artificial polymer,buste,E,NEG,T,2019,9,Villasimius_12,38.93475862,9.515226699,Sardegna,1000.0,,,,,,,
0018-MS00110_TR12,38.95768,9.52641,Artificial polymer,buste,F,POS,T,2019,9,Villasimius_12,38.93475862,9.515226699,Sardegna,1000.0,,,,,,,
0018-MS00110_TR12,38.96156,9.52611,Artificial polymer,buste,F,POS,T,2019,9,Villasimius_12,38.93475862,9.515226699,Sardegna,1000.0,,,,,,,
0018-MS00110_TR12,38.96268,9.52585,Artificial polymer,Stoviglie,B,POS,T,2019,9,Villasimius_12,38.93475862,9.515226699,Sardegna,1000.0,,,,,,,
0018-MS00110_TR12,38.96327,9.52562,Artificial polymer,buste,D,POS,T,2019,9,Villasimius_12,38.93475862,9.515226699,Sardegna,1000.0,,,,,,,
0018-MS00110_TR12,38.96829,9.52253,Artificial polymer,buste,B,POS,T,2019,9,Villasimius_12,38.93475862,9.515226699,Sardegna,1000.0,,,,,,,
0018-MS00110_TR12,38.97379,9.51896,Artificial polymer,buste,B,POS,T,2019,9,Villasimius_12,38.93475862,9.515226699,Sardegna,1000.0,,,,,,,
0018-MS00110_TR12,38.97658,9.51908,Artificial polymer,buste,B,POS,T,2019,9,Villasimius_12,38.93475862,9.515226699,Sardegna,1000.0,,,,,,,
0018-MS00110_TR12,38.97855,9.51752,Artificial polymer,gonfiabili spiaggia,C,POS,T,2019,9,Villasimius_12,38.93475862,9.515226699,Sardegna,1000.0,,,,,,,
0018-MS00110_TR12,38.98709,9.5136,Artificial polymer,buste,A,POS,T,2019,9,Villasimius_12,38.93475862,9.515226699,Sardegna,1000.0,,,,,,,
0018-MS00110_TR12,38.98897,9.51265,Artificial polymer,buste,A,POS,T,2019,9,Villasimius_12,38.93475862,9.515226699,Sardegna,1000.0,,,,,,,
0018-MS00110_TR12,38.99277,9.5126,Artificial polymer,buste,A,POS,T,2019,9,Villasimius_12,38.93475862,9.515226699,Sardegna,1000.0,,,,,,,
0018-MS00110_TR12,39.01096,9.50941,Artificial polymer,buste,C,POS,T,2019,9,Villasimius_12,38.93475862,9.515226699,Sardegna,1000.0,,,,,,,
0018-MS00110_TR12,39.01263,9.50943,Artificial polymer,tovaglie,F,POS,T,2019,9,Villasimius_12,38.93475862,9.515226699,Sardegna,1000.0,,,,,,,
0073-MS00370_TR12,39.95895,9.93753333333333,Artificial polymer,altro,G,POS,T,2019,9,Arbatax_12,39.95054258,9.944859824,Sardegna,1250.0,,,,,,,
0182-MS01070_TR12,40.9902333,8.40928333333333,Artificial polymer,Imballaggi,G,NEU,I,2019,9,Porto Torres_12,41.03703333333333,8.421433333333333,Sardegna,74.0,,,,,,,
0182-MS01070_TR12,40.97625,8.40701666666666,Artificial polymer,Imballaggi,G,NEU,I,2019,9,Porto Torres_12,41.03703333333333,8.421433333333333,Sardegna,74.0,,,,,,,
0182-MS01070_TR12,40.94855,8.40311666666666,Artificial polymer,buste,D,NEU,I,2019,9,Porto Torres_12,41.03703333333333,8.421433333333333,Sardegna,74.0,,,,,,,
0182-MS01070_TR12,40.9403833,8.40236666666666,Artificial polymer,buste,D,NEU,I,2019,9,Porto Torres_12,41.03703333333333,8.421433333333333,Sardegna,74.0,,,,,,,
0192-MS01200_TR12,40.4330333,8.13573333333333,Artificial polymer,buste,D,NEU,I,2019,9,Alghero_12,40.41716666666667,8.12245,Sardegna,118.0,,,,,,,
0192-MS01200_TR12,40.4333333,8.13625,Artificial polymer,buste,C,NEU,I,2019,9,Alghero_12,40.41716666666667,8.12245,Sardegna,118.0,,,,,,,
0192-MS01200_TR12,40.4559167,8.16833333333333,Artificial polymer,buste,D,NEU,I,2019,9,Alghero_12,40.41716666666667,8.12245,Sardegna,118.0,,,,,,,
0192-MS01200_TR12,40.4783667,8.19368333333333,Artificial polymer,buste,D,NEU,I,2019,9,Alghero_12,40.41716666666667,8.12245,Sardegna,118.0,,,,,,,
0192-MS01200_TR12,40.48575,8.2111,Artificial polymer,altro,C,NEU,I,2019,9,Alghero_12,40.41716666666667,8.12245,Sardegna,118.0,,,,,,,
0004-MS00200_TR03,39.12874,9.22731,Artificial polymer,buste,C,NEG,I,2019,11,Cagliari_3,39.1724533,9.210113467,Sardegna,24.0,,,,,,,
0004-MS00200_TR03,39.12874,9.22731,Artificial polymer,bottiglie,C,POS,I,2019,11,Cagliari_3,39.1724533,9.210113467,Sardegna,24.0,,,,,,,
0192-MS01200_TR12,40.4412833,8.15116666666666,Artificial polymer,Imballaggi,C,NEU,I,2019,11,Alghero_12,40.41716666666667,8.12245,Sardegna,118.0,,,,,,,
0192-MS01200_TR12,40.4531667,8.16718333333333,Artificial polymer,Imballaggi,C,NEU,I,2019,11,Alghero_12,40.41716666666667,8.12245,Sardegna,118.0,,,,,,,
0192-MS01200_TR06,40.5054333,8.24105,Artificial polymer,Imballaggi,C,NEG,I,2019,11,Alghero_6,40.48693333333333,8.21605,Sardegna,98.0,,,,,,,
0192-MS01200_TR06,40.50935,8.24593333333333,Artificial polymer,cassette polistirene,F,NEU,I,2019,11,Alghero_6,40.48693333333333,8.21605,Sardegna,98.0,,,,,,,
0192-MS01200_TR06,40.5102333,8.24705,Artificial polymer,scatole plastica,B,NEU,I,2019,11,Alghero_6,40.48693333333333,8.21605,Sardegna,98.0,,,,,,,
0004-MS00200_TR12,39.073,9.235,Artificial polymer,buste,B,NEG,I,2020,1,Cagliari_12,39.02389612,9.248386794,Sardegna,400.0,,,,,,,
0073-MS00370_TR12,39.9445,9.92736,Artificial polymer,teli,B,POS,I,2020,1,Arbatax_12,39.95054258,9.944859824,Sardegna,1250.0,,,,,,,
0073-MS00370_TR12,39.94447,9.92701,Artificial polymer,teli,B,POS,I,2020,1,Arbatax_12,39.95054258,9.944859824,Sardegna,1250.0,,,,,,,
0073-MS00370_TR12,39.94625,9.85297,Artificial polymer,teli,B,POS,I,2020,1,Arbatax_12,39.95054258,9.944859824,Sardegna,1250.0,,,,,,,
0073-MS00370_TR06,39.95047,9.77493,Artificial polymer,buste,B,NEG,I,2020,1,Arbatax_6,39.95034236,9.815153906,Sardegna,850.0,,,,,,,
0129-MS00730_TR12,41.03441,9.75505,Artificial polymer,altro,D,NEU,I,2020,1,Olbia_12,41.0554166666667,9.782383333333334,Sardegna,87.0,,,,,,,
0129-MS00730_TR12,41.02931,9.74606,Textiles,abbigliamento,E,POS,I,2020,1,Olbia_12,41.0554166666667,9.782383333333334,Sardegna,87.0,,,,,,,
0129-MS00730_TR12,41.02931,9.74606,Artificial polymer,bottiglie,F,NEU,I,2020,1,Olbia_12,41.0554166666667,9.782383333333334,Sardegna,87.0,,,,,,,
0129-MS00730_TR12,41.02794,9.74356,Artificial polymer,buste,C,NEU,I,2020,1,Olbia_12,41.0554166666667,9.782383333333334,Sardegna,87.0,,,,,,,
0129-MS00730_TR12,41.02323,9.73525,Processed wood,altro,B,POS,I,2020,1,Olbia_12,41.0554166666667,9.782383333333334,Sardegna,87.0,,,,,,,
0129-MS00730_TR06,40.97812,9.65702,Artificial polymer,buste,B,NEU,I,2020,1,Olbia_6,40.99346666666667,9.67835,Sardegna,70.0,,,,,,,
0129-MS00730_TR06,40.97541,9.65162,Artificial polymer,buste,D,NEG,I,2020,1,Olbia_6,40.99346666666667,9.67835,Sardegna,70.0,,,,,,,
0129-MS00730_TR06,40.97334,9.64844,Artificial polymer,buste,C,NEG,I,2020,1,Olbia_6,40.99346666666667,9.67835,Sardegna,70.0,,,,,,,
0129-MS00730_TR06,40.97186,9.64497,Artificial polymer,buste,C,NEU,I,2020,1,Olbia_6,40.99346666666667,9.67835,Sardegna,70.0,,,,,,,
0129-MS00730_TR06,40.96997,9.64118,Artificial polymer,buste,B,NEU,I,2020,1,Olbia_6,40.99346666666667,9.67835,Sardegna,70.0,,,,,,,
0129-MS00730_TR06,40.96518,9.63174,Artificial polymer,buste,B,NEU,I,2020,1,Olbia_6,40.99346666666667,9.67835,Sardegna,70.0,,,,,,,
0182-MS01070_TR12,41.0036944,8.41377777777777,Artificial polymer,Imballaggi,D,NEU,I,2020,1,Porto Torres_12,41.03703333333333,8.421433333333333,Sardegna,74.0,,,,,,,
0182-MS01070_TR12,41.0036111,8.41375,Artificial polymer,Imballaggi,D,NEU,I,2020,1,Porto Torres_12,41.03703333333333,8.421433333333333,Sardegna,74.0,,,,,,,
0182-MS01070_TR12,40.9981944,8.413,Artificial polymer,buste,C,NEU,I,2020,1,Porto Torres_12,41.03703333333333,8.421433333333333,Sardegna,74.0,,,,,,,
0182-MS01070_TR12,40.9691667,8.40583333333333,Artificial polymer,Imballaggi,E,NEU,I,2020,1,Porto Torres_12,41.03703333333333,8.421433333333333,Sardegna,74.0,,,,,,,
0182-MS01070_TR12,40.95925,8.40352777777777,Artificial polymer,altro,B,NEU,I,2020,1,Porto Torres_12,41.03703333333333,8.421433333333333,Sardegna,74.0,,,,,,,
0182-MS01070_TR12,40.9565833,8.40294444444444,Artificial polymer,Imballaggi,D,NEU,I,2020,1,Porto Torres_12,41.03703333333333,8.421433333333333,Sardegna,74.0,,,,,,,
0182-MS01070_TR06,40.9250556,8.39891666666666,Artificial polymer,Imballaggi,D,NEU,I,2020,1,Porto Torres_6,40.9376,8.402183333333333,Sardegna,45.0,,,,,,,
0182-MS01070_TR06,40.9233333,8.39833333333333,Artificial polymer,reti e lenze,F,NEU,I,2020,1,Porto Torres_6,40.9376,8.402183333333333,Sardegna,45.0,,,,,,,
0182-MS01070_TR06,40.9186944,8.39747222222222,Artificial polymer,buste,F,NEU,I,2020,1,Porto Torres_6,40.9376,8.402183333333333,Sardegna,45.0,,,,,,,
0182-MS01070_TR06,40.9121667,8.39580555555555,Artificial polymer,Imballaggi,B,NEU,I,2020,1,Porto Torres_6,40.9376,8.402183333333333,Sardegna,45.0,,,,,,,
0182-MS01070_TR06,40.9119444,8.39599999999999,Artificial polymer,buste,F,NEU,I,2020,1,Porto Torres_6,40.9376,8.402183333333333,Sardegna,45.0,,,,,,,
0192-MS01200_TR12,40.4734444,8.19119444444444,Artificial polymer,buste,D,NEU,I,2020,1,Alghero_12,40.41716666666667,8.12245,Sardegna,118.0,,,,,,,
0004-MS00200_TR12,39.02895,9.24595,Artificial polymer,cassette polistirene,B,POS,T,2020,3,Cagliari_12,39.02389612,9.248386794,Sardegna,400.0,,,,,,,
0004-MS00200_TR12,39.04047,9.2433,Artificial polymer,altro,D,POS,T,2020,3,Cagliari_12,39.02389612,9.248386794,Sardegna,400.0,,,,,,,
0004-MS00200_TR12,39.04047,9.2433,Rubber,palloncini gonfiabili,B,POS,T,2020,3,Cagliari_12,39.02389612,9.248386794,Sardegna,400.0,,,,,,,
0004-MS00200_TR12,39.04708,9.24213,Artificial polymer,buste,B,POS,T,2020,3,Cagliari_12,39.02389612,9.248386794,Sardegna,400.0,,,,,,,
0004-MS00200_TR12,39.05825,9.23921,Artificial polymer,buste,B,POS,T,2020,3,Cagliari_12,39.02389612,9.248386794,Sardegna,400.0,,,,,,,
0004-MS00200_TR12,39.07826,9.23506,Artificial polymer,buste,C,NEU,T,2020,3,Cagliari_12,39.02389612,9.248386794,Sardegna,400.0,,,,,,,
0004-MS00200_TR12,39.0892,9.23269,Artificial polymer,buste,D,NEU,T,2020,3,Cagliari_12,39.02389612,9.248386794,Sardegna,400.0,,,,,,,
0004-MS00200_TR12,39.09064,9.23262,Artificial polymer,buste,C,POS,T,2020,3,Cagliari_12,39.02389612,9.248386794,Sardegna,400.0,,,,,,,
0004-MS00200_TR12,39.11373,9.2273,Artificial polymer,buste,B,POS,T,2020,3,Cagliari_12,39.02389612,9.248386794,Sardegna,400.0,,,,,,,
0192-MS01200_TR12,40.41717,8.12245,Artificial polymer,Food waste,B,POS,T,2020,5,Alghero_12,40.41716666666667,8.12245,Sardegna,118.0,,,,,,,
0192-MS01200_TR12,40.48695,8.21606,Artificial polymer,Artificial polymer,B,POS,T,2020,5,Alghero_12,40.41716666666667,8.12245,Sardegna,118.0,,,,,,,
0192-MS01200_TR06,40.48695,8.21606,Artificial polymer,Artificial polymer,B,POS,T,2020,5,Alghero_6,40.48693333333333,8.21605,Sardegna,98.0,,,,,,,
0192-MS01200_TR06,40.52303,8.2639,Artificial polymer,Artificial polymer,H,POS,T,2020,5,Alghero_6,40.48693333333333,8.21605,Sardegna,98.0,,,,,,,
0192-MS01200_TR12,40.41717,8.12245,Polimeri ,Altro ,E,POS,I,2020,7,Alghero_12,40.41716666666667,8.12245,Sardegna,118.0,,,,,,,
0192-MS01200_TR12,40.48695,8.21606,Polimeri ,Altro ,B,NEU,I,2020,7,Alghero_12,40.41716666666667,8.12245,Sardegna,118.0,,,,,,,
0129-MS00730_TR12,41.028627,9.7601944,Polimeri ,Altro ,B,POS,I,2020,7,Olbia_12,41.0554166666667,9.782383333333334,Sardegna,87.0,,,,,,,
0129-MS00730_TR12,41.028694,9.76011111,Polimeri ,Altro ,C,POS,I,2020,7,Olbia_12,41.0554166666667,9.782383333333334,Sardegna,87.0,,,,,,,
0129-MS00730_TR12,41.022472,9.7525,Polimeri ,Altro ,B,POS,I,2020,7,Olbia_12,41.0554166666667,9.782383333333334,Sardegna,87.0,,,,,,,
0129-MS00730_TR12,41.009944,9.731888,Polimeri ,Altro ,F,POS,I,2020,7,Olbia_12,41.0554166666667,9.782383333333334,Sardegna,87.0,,,,,,,
0129-MS00730_TR12,41.00741,9.727333,Polimeri ,Altro ,D,POS,I,2020,7,Olbia_12,41.0554166666667,9.782383333333334,Sardegna,87.0,,,,,,,
0129-MS00730_TR12,41.00255,9.7189722,Polimeri ,Altro ,C,POS,I,2020,7,Olbia_12,41.0554166666667,9.782383333333334,Sardegna,87.0,,,,,,,
0129-MS00730_TR06,41.987,9.68869,Polimeri ,Altro ,F,POS,I,2020,7,Olbia_6,40.99346666666667,9.67835,Sardegna,70.0,,,,,,,
0129-MS00730_TR06,41.976638,9.6638611,Polimeri ,Altro ,E,NEU,I,2020,7,Olbia_6,40.99346666666667,9.67835,Sardegna,70.0,,,,,,,
0073-MS00370_TR12,39.95054258,9.944859824,Polimeri ,Altro ,C,POS,I,2020,7,Arbatax_12,39.95054258,9.944859824,Sardegna,1250.0,,,,,,,
0073-MS00370_TR12,39.95054258,9.944859824,Polimeri ,Altro ,C,POS,I,2020,7,Arbatax_12,39.95054258,9.944859824,Sardegna,1250.0,,,,,,,
0073-MS00370_TR12,39.95054258,9.944859824,Polimeri ,Altro ,C,POS,I,2020,7,Arbatax_12,39.95054258,9.944859824,Sardegna,1250.0,,,,,,,
0073-MS00370_TR12,39.95054258,9.944859824,Polimeri ,Altro ,C,POS,I,2020,7,Arbatax_12,39.95054258,9.944859824,Sardegna,1250.0,,,,,,,
0073-MS00370_TR12,39.95054258,9.944859824,Polimeri ,Altro ,F,POS,I,2020,7,Arbatax_12,39.95054258,9.944859824,Sardegna,1250.0,,,,,,,
0073-MS00370_TR12,39.95054258,9.944859824,Polimeri ,Altro ,C,POS,I,2020,7,Arbatax_12,39.95054258,9.944859824,Sardegna,1250.0,,,,,,,
0073-MS00370_TR12,39.95054258,9.944859824,Polimeri ,Altro ,F,POS,I,2020,7,Arbatax_12,39.95054258,9.944859824,Sardegna,1250.0,,,,,,,
0073-MS00370_TR12,39.95054258,9.944859824,Polimeri ,Altro ,B,POS,I,2020,7,Arbatax_12,39.95054258,9.944859824,Sardegna,1250.0,,,,,,,
0073-MS00370_TR12,39.95054258,9.944859824,Polimeri ,Altro ,CC,POS,I,2020,7,Arbatax_12,39.95054258,9.944859824,Sardegna,1250.0,,,,,,,
0073-MS00370_TR12,39.95054258,9.944859824,Polimeri ,Altro ,B,POS,I,2020,7,Arbatax_12,39.95054258,9.944859824,Sardegna,1250.0,,,,,,,
0073-MS00370_TR12,39.95054258,9.944859824,Polimeri ,Altro ,D,POS,I,2020,7,Arbatax_12,39.95054258,9.944859824,Sardegna,1250.0,,,,,,,
0073-MS00370_TR12,39.95054258,9.944859824,Polimeri ,Altro ,E,POS,I,2020,7,Arbatax_12,39.95054258,9.944859824,Sardegna,1250.0,,,,,,,
0073-MS00370_TR12,39.95054258,9.944859824,Polimeri ,Altro ,B,POS,I,2020,7,Arbatax_12,39.95054258,9.944859824,Sardegna,1250.0,,,,,,,
0073-MS00370_TR12,39.95054258,9.944859824,Polimeri ,Altro ,B,POS,I,2020,7,Arbatax_12,39.95054258,9.944859824,Sardegna,1250.0,,,,,,,
0073-MS00370_TR12,39.95054258,9.944859824,Polimeri ,Altro ,D,POS,I,2020,7,Arbatax_12,39.95054258,9.944859824,Sardegna,1250.0,,,,,,,
0073-MS00370_TR12,39.95054258,9.944859824,Polimeri ,Altro ,C,POS,I,2020,7,Arbatax_12,39.95054258,9.944859824,Sardegna,1250.0,,,,,,,
0073-MS00370_TR12,39.95054258,9.944859824,Polimeri ,Altro ,C,POS,I,2020,7,Arbatax_12,39.95054258,9.944859824,Sardegna,1250.0,,,,,,,
0073-MS00370_TR12,39.95034236,9.815153906,Polimeri ,Altro ,C,POS,I,2020,7,Arbatax_12,39.95054258,9.944859824,Sardegna,1250.0,,,,,,,
0073-MS00370_TR12,39.95034236,9.815153906,Polimeri ,Altro ,C,POS,I,2020,7,Arbatax_12,39.95054258,9.944859824,Sardegna,1250.0,,,,,,,
0182-MS01070_TR12,41.03703333333333,8.421433333333333,Polimeri ,Altro ,D,POS,I,2020,7,Porto Torres_12,41.03703333333333,8.421433333333333,Sardegna,74.0,,,,,,,
0182-MS01070_TR12,41.03703333333333,8.421433333333333,Polimeri ,Altro ,E,POS,I,2020,7,Porto Torres_12,41.03703333333333,8.421433333333333,Sardegna,74.0,,,,,,,
0182-MS01070_TR12,41.03703333333333,8.421433333333333,Polimeri ,Altro ,E,POS,I,2020,7,Porto Torres_12,41.03703333333333,8.421433333333333,Sardegna,74.0,,,,,,,
0182-MS01070_TR06,40.9376,8.402183333333333,Polimeri ,Altro ,D,POS,I,2020,7,Porto Torres_6,40.9376,8.402183333333333,Sardegna,45.0,,,,,,,
0182-MS01070_TR06,40.9376,8.402183333333333,Polimeri ,buste/imballaggi,E,POS,I,2020,7,Porto Torres_6,40.9376,8.402183333333333,Sardegna,45.0,,,,,,,
0004-MS00200_TR12,39.02389612,9.248386794,Polimeri ,buste/imballaggi,C,POS,I,2020,7,Cagliari_12,39.02389612,9.248386794,Sardegna,400.0,,,,,,,
0004-MS00200_TR06,39.12184042,9.22315355,Polimeri ,Altro ,B,POS,I,2020,7,Cagliari_6,39.12184042,9.22315355,Sardegna,55.0,,,,,,,
0004-MS00200_TR06,39.12184042,9.22315355,Polimeri ,vela/teli,C,POS,I,2020,7,Cagliari_6,39.12184042,9.22315355,Sardegna,55.0,,,,,,,
0004-MS00200_TR03,39.1724533,9.210113467,Polimeri ,Altro ,B,POS,I,2020,7,Cagliari_3,39.1724533,9.210113467,Sardegna,24.0,,,,,,,
0004-MS00200_TR6,39.14036111111111,9.215305555555554,Artificial polymer,altro,B,POS,T,2020,9,,,,,,,,,,,,
0004-MS00200_TR6,39.163805555555555,9.210277777777778,Artificial polymer,altro,B,POS,T,2020,9,,,,,,,,,,,,
0004-MS00200_TR12,39.04808333333333,9.24622222222222,Artificial polymer,altro,C,POS,T,2020,9,Cagliari_12,39.02389612,9.248386794,Sardegna,400.0,,,,,,,
0004-MS00200_TR12,39.05269444444444,9.244583333333333,Artificial polymer,altro,C,POS,T,2020,9,Cagliari_12,39.02389612,9.248386794,Sardegna,400.0,,,,,,,
0004-MS00200_TR12,39.07625,9.238027777777777,Artificial polymer,bottiglie,B,POS,T,2020,9,Cagliari_12,39.02389612,9.248386794,Sardegna,400.0,,,,,,,
0018-MS00110_TR3,39.0875,9.49166,Artificial polymer,buste,B,NEG,T,2020,9,,,,,,,,,,,,
0018-MS00110_TR3,39.08583,9.49194,Artificial polymer,buste,B,NEG,T,2020,9,,,,,,,,,,,,
0018-MS00110_TR12,38.95011111111111,9.524222222222223,Artificial polymer,buste,B,POS,T,2020,9,Villasimius_12,38.93475862,9.515226699,Sardegna,1000.0,,,,,,,
0018-MS00110_TR12,38.95675,9.525,Artificial polymer,buste,B,POS,T,2020,9,Villasimius_12,38.93475862,9.515226699,Sardegna,1000.0,,,,,,,
0018-MS00110_TR12,38.98580555555556,9.52425,Artificial polymer,buste,B,POS,T,2020,9,Villasimius_12,38.93475862,9.515226699,Sardegna,1000.0,,,,,,,
0018-MS00110_TR12,38.993833333333335,9.523805555555557,Artificial polymer,altro,B,POS,T,2020,9,Villasimius_12,38.93475862,9.515226699,Sardegna,1000.0,,,,,,,
0192-MS01200_TR12,40.41716972222222,8.122452777777779,Artificial polymer,Imballaggi,D,POS,T,2020,9,Alghero_12,40.41716666666667,8.12245,Sardegna,118.0,,,,,,,
0192-MS01200_TR12,40.41716972222222,8.122452777777779,Artificial polymer,Imballaggi,D,POS,T,2020,9,Alghero_12,40.41716666666667,8.12245,Sardegna,118.0,,,,,,,
0192-MS01200_TR12,40.41716972222222,8.122452777777779,Artificial polymer,bottiglie,E,POS,T,2020,9,Alghero_12,40.41716666666667,8.12245,Sardegna,118.0,,,,,,,
0073-MS00370_TR06,39.943638888888884,9.920472222222221,Artificial polymer,buste,B,POS,T,2020,9,Arbatax_6,39.95034236,9.815153906,Sardegna,850.0,,,,,,,
0073-MS00370_TR06,39.943416666666664,9.912138888888888,Artificial polymer,buste,B,POS,T,2020,9,Arbatax_6,39.95034236,9.815153906,Sardegna,850.0,,,,,,,
0073-MS00370_TR06,39.94338888888888,9.909944444444445,Artificial polymer,buste,E,POS,T,2020,9,Arbatax_6,39.95034236,9.815153906,Sardegna,850.0,,,,,,,
0073-MS00370_TR06,39.943305555555554,9.907305555555556,Artificial polymer,buste,D,POS,T,2020,9,Arbatax_6,39.95034236,9.815153906,Sardegna,850.0,,,,,,,
0073-MS00370_TR06,39.94327777777777,9.906222222222222,Artificial polymer,buste,D,POS,T,2020,9,Arbatax_6,39.95034236,9.815153906,Sardegna,850.0,,,,,,,
0073-MS00370_TR06,39.94325,9.90075,Artificial polymer,buste,B,POS,T,2020,9,Arbatax_6,39.95034236,9.815153906,Sardegna,850.0,,,,,,,
0073-MS00370_TR06,39.94311111111111,9.894277777777777,Artificial polymer,buste,D,POS,T,2020,9,Arbatax_6,39.95034236,9.815153906,Sardegna,850.0,,,,,,,
0073-MS00370_TR06,39.943194444444444,9.88961111111111,Artificial polymer,buste,B,POS,T,2020,9,Arbatax_6,39.95034236,9.815153906,Sardegna,850.0,,,,,,,
0073-MS00370_TR06,39.94325,9.885944444444444,Artificial polymer,buste,E,POS,T,2020,9,Arbatax_6,39.95034236,9.815153906,Sardegna,850.0,,,,,,,
0073-MS00370_TR06,39.94288888888889,9.861027777777778,Artificial polymer,buste,B,POS,T,2020,9,Arbatax_6,39.95034236,9.815153906,Sardegna,850.0,,,,,,,
0073-MS00370_TR06,39.945138888888884,9.840611111111112,Artificial polymer,buste,D,POS,T,2020,9,Arbatax_6,39.95034236,9.815153906,Sardegna,850.0,,,,,,,
0073-MS00370_TR06,39.94705555555555,9.830055555555555,Artificial polymer,buste,C,POS,T,2020,9,Arbatax_6,39.95034236,9.815153906,Sardegna,850.0,,,,,,,
0073-MS00370_TR06,39.949194444444444,9.843805555555555,Artificial polymer,buste,C,POS,T,2020,9,Arbatax_6,39.95034236,9.815153906,Sardegna,850.0,,,,,,,
0073-MS00370_TR06,39.94936111111111,9.818111111111111,Artificial polymer,buste,D,POS,T,2020,9,Arbatax_6,39.95034236,9.815153906,Sardegna,850.0,,,,,,,
0018-MS00110_TR12,38.9240556,9.52152777777777,Artificial polymer,buste,B,POS,I,2020,11,Villasimius_12,38.93475862,9.515226699,Sardegna,1000.0,,,,,,,
0073-MS00370_TR12,39.9460516,9.9105933,Artificial polymer,buste,B,POS,I,2020,11,Arbatax_12,39.95054258,9.944859824,Sardegna,1250.0,,,,,,,
0073-MS00370_TR12,39.9482806,9.9058398,Processed wood,altro,D,POS,I,2020,11,Arbatax_12,39.95054258,9.944859824,Sardegna,1250.0,,,,,,,
0073-MS00370_TR12,39.948331,9.9037835,Artificial polymer,buste,B,POS,I,2020,11,Arbatax_12,39.95054258,9.944859824,Sardegna,1250.0,,,,,,,
0073-MS00370_TR12,39.9457612,9.8998454,Artificial polymer,buste,C,POS,I,2020,11,Arbatax_12,39.95054258,9.944859824,Sardegna,1250.0,,,,,,,
0073-MS00370_TR12,39.9457306,9.8962314,Artificial polymer,buste,C,POS,I,2020,11,Arbatax_12,39.95054258,9.944859824,Sardegna,1250.0,,,,,,,
0073-MS00370_TR12,39.946036,9.886621,Artificial polymer,buste,D,POS,I,2020,11,Arbatax_12,39.95054258,9.944859824,Sardegna,1250.0,,,,,,,
0073-MS00370_TR06,39.950629,9.811579,Artificial polymer,buste,B,POS,I,2020,11,Arbatax_6,39.95034236,9.815153906,Sardegna,850.0,,,,,,,
0129-MS00730_TR12,41.0499722,9.77086111111111,Artificial polymer,altro,E,POS,I,2020,11,Olbia_12,41.0554166666667,9.782383333333334,Sardegna,87.0,,,,,,,
0129-MS00730_TR12,41.0458056,9.76422222222222,Artificial polymer,altro,C,POS,I,2020,11,Olbia_12,41.0554166666667,9.782383333333334,Sardegna,87.0,,,,,,,
0129-MS00730_TR12,41.0456944,9.76405555555555,Artificial polymer,altro,C,POS,I,2020,11,Olbia_12,41.0554166666667,9.782383333333334,Sardegna,87.0,,,,,,,
0129-MS00730_TR12,41.0091111,9.70452777777777,Artificial polymer,altro,B,POS,I,2020,11,Olbia_12,41.0554166666667,9.782383333333334,Sardegna,87.0,,,,,,,
0129-MS00730_TR12,41.0064444,9.69905555555555,Artificial polymer,altro,C,POS,I,2020,11,Olbia_12,41.0554166666667,9.782383333333334,Sardegna,87.0,,,,,,,
0129-MS00730_TR06,40.9841111,9.66669444444444,Artificial polymer,altro,C,POS,I,2020,11,Olbia_6,40.99346666666667,9.67835,Sardegna,70.0,,,,,,,
0129-MS00730_TR06,40.9641111,9.62891666666666,Artificial polymer,altro,E,POS,I,2020,11,Olbia_6,40.99346666666667,9.67835,Sardegna,70.0,,,,,,,
0192-MS01200_TR12,40.422256,8.120058,Artificial polymer,bottiglie,F,POS,I,2020,11,Alghero_12,40.41716666666667,8.12245,Sardegna,118.0,,,,,,,
0192-MS01200_TR06,40.500092,8.220887,Artificial polymer,Imballaggi,F,POS,I,2020,11,Alghero_6,40.48693333333333,8.21605,Sardegna,98.0,,,,,,,
0004-MS00200_TR06,39.14691666666667,9.217888888888888,Artificial polymer,G2,B,POS,Land,2021,1,Cagliari_6,39.12184,9.22315355,Sardegna,55.0,0004-MS00200_TR06_B63_LIT,0004-MS00200_TR06,63.0,19.0,5.0,6.0,10:29:00
0004-MS00200_TR06,39.14377777777778,9.218694444444445,Natural matter,,,POS,Sea,2021,1,Cagliari_6,39.12184,9.22315355,Sardegna,55.0,0004-MS00200_TR06_64_LIT,0004-MS00200_TR06,64.0,19.0,5.0,6.0,10:29:00
0004-MS00200_TR06,39.13472222222222,9.220666666666666,Natural matter,,,POS,Sea,2021,1,Cagliari_6,39.12184,9.22315355,Sardegna,55.0,0004-MS00200_TR06_65_LIT,0004-MS00200_TR06,65.0,19.0,5.0,6.0,10:29:00
0004-MS00200_TR12,39.12233333333334,9.227638888888889,Natural matter,,,POS,Sea,2021,1,Cagliari_12,39.023896,9.248386794,Sardegna,400.0,0004-MS00200_TR12_66_LIT,0004-MS00200_TR12,66.0,19.0,5.0,6.0,11:15:00
0004-MS00200_TR12,39.11625,9.22863888888889,Artificial polymer,G62,B,POS,Sea,2021,1,Cagliari_12,39.023896,9.248386794,Sardegna,400.0,0004-MS00200_TR12_B67_LIT,0004-MS00200_TR12,67.0,19.0,5.0,6.0,11:15:00
0004-MS00200_TR12,39.07833333333333,9.235722222222222,Artificial polymer,G38,C,POS,Land,2021,1,Cagliari_12,39.023896,9.248386794,Sardegna,400.0,0004-MS00200_TR12_C72_LIT,0004-MS00200_TR12,72.0,19.0,5.0,6.0,11:30:00
0004-MS00200_TR12,39.058305555555556,9.242222222222221,Natural matter,,,POS,Land,2021,1,Cagliari_12,39.023896,9.248386794,Sardegna,400.0,0004-MS00200_TR12_73_LIT,0004-MS00200_TR12,73.0,19.0,5.0,6.0,11:45:00
0004-MS00200_TR12,39.03530555555555,9.248833333333332,Artificial polymer,G38,B,POS,Land,2021,1,Cagliari_12,39.023896,9.248386794,Sardegna,400.0,0004-MS00200_TR12_B75_LIT,0004-MS00200_TR12,75.0,19.0,5.0,6.0,12:00:00
0004-MS00200_TR12,39.03530555555555,9.248833333333332,Artificial polymer,G30,B,POS,Land,2021,1,Cagliari_12,39.023896,9.248386794,Sardegna,400.0,0004-MS00200_TR12_B75_LIT,0004-MS00200_TR12,75.0,19.0,5.0,6.0,12:14:00
0018-MS00110_TR12,38.992333333333335,9.502277777777778,Artificial polymer,G20,B,NEU,Land,2021,2,Villasimius_12,38.934759,9.515226699,Sardegna,1000.0,0018-MS00110_TR12_79_LIT,0018-MS00110_TR12,79.0,4.0,5.0,6.0,13:01:00
0018-MS00110_TR12,38.996694444444444,9.502083333333333,Artificial polymer,T336,B,NEG,Land,2021,2,Villasimius_12,38.934759,9.515226699,Sardegna,1000.0,0018-MS00110_TR12_80_LIT,0018-MS00110_TR12,80.0,4.0,5.0,6.0,13:04:00
0018-MS00110_TR12,38.99894444444445,9.501833333333334,Artificial polymer,G2,C,NEG,Land,2021,2,Villasimius_12,38.934759,9.515226699,Sardegna,1000.0,0018-MS00110_TR12_81_LIT,0018-MS00110_TR12,81.0,4.0,5.0,6.0,13:06:00
0018-MS00110_TR12,39.00816666666667,9.5015,Natural matter,,C,POS,Land,2021,2,Villasimius_12,38.934759,9.515226699,Sardegna,1000.0,0018-MS00110_TR12_82_LIT,0018-MS00110_TR12,82.0,4.0,5.0,6.0,13:11:00
0018-MS00110_TR12,39.023666666666664,9.500388888888889,Artificial polymer,G2,D,NEG,Land,2021,2,Villasimius_12,38.934759,9.515226699,Sardegna,1000.0,0018-MS00110_TR12_83_LIT,0018-MS00110_TR12,83.0,4.0,5.0,6.0,13:22:00
0129-MS00730_TR06,39.94923,9.79022,Artificial polymer,G38,F,NEG,Land,2021,3,Olbia_6,40.993467,9.67835,Sardegna,70.0,0129-MS00730_TR06_349_LIT,0129-MS00730_TR06,350.0,4.0,5.0,11.0,13:08:00
0129-MS00730_TR12,41.03426,9.75441,Artificial polymer,G2,D,NEG,Land,2021,3,Olbia_12,41.055417,9.782383333,Sardegna,87.0,0129-MS00730_TR12_350_LIT,0129-MS00730_TR12,349.0,4.0,5.0,11.0,12:26:00
0192-MS01200_TR06,40.501583333333336,8.249555555555554,Artificial polymer,,B,POS,Land,2021,2,Alghero_6,40.486933,8.21605,Sardegna,98.0,0192-MS01207_TR06_334_LIT,0192-MS01200_TR06,334.0,25.0,5.0,7.0,13:45:00
0192-MS01200_TR06,40.501583333333336,8.249555555555554,Artificial polymer,G2,B,POS,Land,2021,2,Alghero_6,40.486933,8.21605,Sardegna,98.0,0192-MS01207_TR06_335_LIT,0192-MS01200_TR06,335.0,25.0,5.0,7.0,13:45:00
0192-MS01200_TR06,40.48405,8.211466667,Artificial polymer,G4,B,POS,Land,2021,2,Alghero_6,40.486933,8.21605,Sardegna,98.0,0192-MS01207_TR06_336_LIT,0192-MS01200_TR06,336.0,25.0,5.0,7.0,13:06:00
0192-MS01200_TR06,40.48405,8.211466667,Artificial polymer,G2,E,NEG,Land,2021,2,Alghero_6,40.486933,8.21605,Sardegna,98.0,0192-MS01207_TR06_337_LIT,0192-MS01200_TR06,337.0,25.0,5.0,7.0,13:06:00
0192-MS01200_TR06,40.48405,8.211466667,Artificial polymer,G98,D,POS,Land,2021,2,Alghero_6,40.486933,8.21605,Sardegna,98.0,0192-MS01207_TR06_339_LIT,0192-MS01200_TR06,339.0,25.0,5.0,7.0,13:06:00
0192-MS01200_TR06,40.4634,8.183966667,Artificial polymer,G4,B,POS,Land,2021,2,Alghero_6,40.486933,8.21605,Sardegna,98.0,0192-MS01207_TR06_341_LIT,0192-MS01200_TR06,341.0,25.0,5.0,7.0,12:57:00
0192-MS01200_TR06,40.44476667,8.1604,Artificial polymer,G2,D,POS,Land,2021,2,Alghero_6,40.486933,8.21605,Sardegna,98.0,0192-MS01207_TR06_342_LIT,0192-MS01200_TR07,342.0,25.0,5.0,7.0,12:51:00
0192-MS01200_TR12,40.43438333,8.148216667,Artificial polymer,G2,F,POS,Land,2021,2,Alghero_12,40.417167,8.12245,Sardegna,118.0,0192-MS01206_TR12_343_LIT,0192-MS01200_TR12,343.0,25.0,5.0,7.0,12:46:00
0192-MS01200_TR12,40.43438333,8.148216667,Artificial polymer,G59,D,NEG,Land,2021,2,Alghero_12,40.417167,8.12245,Sardegna,118.0,0192-MS01206_TR12_344_LIT,0192-MS01200_TR12,344.0,25.0,5.0,7.0,12:46:00
0192-MS01200_TR12,40.43438333,8.148216667,Artificial polymer,G2,D,POS,Land,2021,2,Alghero_12,40.417167,8.12245,Sardegna,118.0,0192-MS01206_TR12_345_LIT,0192-MS01200_TR12,345.0,25.0,5.0,7.0,12:46:00
0192-MS01200_TR12,40.41716972222222,8.122452777777779,Artificial polymer,G2,D,POS,Land,2021,2,Alghero_12,40.417167,8.12245,Sardegna,118.0,0192-MS01206_TR12_346_LIT,0192-MS01200_TR12,346.0,25.0,5.0,7.0,12:30:00
,,,,,,,,,,,,,,,,,,,,,
,,,,,,,,,,,,,,,,,,,,,
,,,,,,,,,,,,,,,,,,,,,
,,,,,,,,,,,,,,,,,,,,,
,,,,,,,,,,,,,,,,,,,,,
,,,,,,,,,,,,,,,,,,,,,
,,,,,,,,,,,,,,,,,,,,,
,,,,,,,,,,,,,,,,,,,,,
,,,,,,,,,,,,,,,,,,,,,
,,,,,,,,,,,,,,,,,,,,,
,,,,,,,,,,,,,,,,,,,,,
,,,,,,,,,,,,,,,,,,,,,
,,,,,,,,,,,,,,,,,,,,,
,,,,,,,,,,,,,,,,,,,,,
,,,,,,,,,,,,,,,,,,,,,
,,,,,,,,,,,,,,,,,,,,,
,,,,,,,,,,,,,,,,,,,,,
,,,,,,,,,,,,,,,,,,,,,
,,,,,,,,,,,,,,,,,,,,,
,,,,,,,,,,,,,,,,,,,,,
,,,,,,,,,,,,,,,,,,,,,
,,,,,,,,,,,,,,,,,,,,,
,,,,,,,,,,,,,,,,,,,,,
0004-MS00200_TR06,39.13602777777778,9.221722222222223,,,,NEG,,2021,3,Cagliari_6,39.12184,9.22315355,Sardegna,55.0,004-MS00200_TR06_96_LIT,0004-MS00200_TR06,96,11.0,5.0,6.0,14:11:00
0004-MS00200_TR12,39.032916666666665,9.250916666666667,Artificial polymer,G145,B,POS,Land,2021,3,Cagliari_12,39.023896,9.248386794,Sardegna,400.0,004-MS00200_TR12_85_LIT,0004-MS00200_TR12,85,11.0,5.0,6.0,13:19:00
0004-MS00200_TR12,39.05288888888889,9.243138888888888,Artificial polymer,G53,B,POS,Land,2021,3,Cagliari_12,39.023896,9.248386794,Sardegna,400.0,004-MS00200_TR12_86_LIT,0004-MS00200_TR12,86,11.0,5.0,6.0,13:22:00
0004-MS00200_TR12,39.057138888888886,9.241027777777777,Artificial polymer,T352,B,POS,Land,2021,3,Cagliari_12,39.023896,9.248386794,Sardegna,400.0,004-MS00200_TR12_87_LIT,0004-MS00200_TR12,87,11.0,5.0,6.0,13:26:00
0004-MS00200_TR12,39.067972222222224,9.235166666666666,Artificial polymer,T320,C,NEG,Land,2021,3,Cagliari_12,39.023896,9.248386794,Sardegna,400.0,004-MS00200_TR12_88_LIT,0004-MS00200_TR12,88,11.0,5.0,6.0,13:37:00
0004-MS00200_TR12,39.08361111111111,9.232666666666667,,,,POS,Sea,2021,3,Cagliari_12,39.023896,9.248386794,Sardegna,400.0,004-MS00200_TR12_90_LIT,0004-MS00200_TR12,90,11.0,5.0,6.0,13:41:00
0004-MS00200_TR12,39.09802777777778,9.229472222222222,Artificial polymer,G2,B,POS,Land,2021,3,Cagliari_12,39.023896,9.248386794,Sardegna,400.0,004-MS00200_TR12_93_LIT,0004-MS00200_TR12,93,11.0,5.0,6.0,13:55:00
0004-MS00200_TR12,39.10611111111111,9.227333333333334,,,,POS,Sea,2021,3,Cagliari_12,39.023896,9.248386794,Sardegna,400.0,004-MS00200_TR12_94_LIT,0004-MS00200_TR12,94,11.0,5.0,6.0,13:56:00
0004-MS00200_TR12,39.11705555555556,9.225277777777778,Food waste,G215,B,POS,Land,2021,3,Cagliari_12,39.023896,9.248386794,Sardegna,400.0,004-MS00200_TR12_95_LIT,0004-MS00200_TR12,95,11.0,5.0,6.0,13:58:00
0018-MS00110_TR06,39.07758333333334,9.501972222222221,Artificial polymer,G79,E,NEG,Land,2021,3,Villasimius_6,39.034544,9.498402779,Sardegna,600.0,0018-MS00110_TR06_103_LIT,0018-MS00110_TR06,103,26.0,5.0,10.0,14:01:00
0018-MS00110_TR06,39.08230555555556,9.495999999999999,Artificial polymer,T320,B,NEU,Land,2021,3,Villasimius_6,39.034544,9.498402779,Sardegna,600.0,0018-MS00110_TR06_104_LIT,0018-MS00110_TR06,104,26.0,5.0,10.0,14:08:00
0018-MS00110_TR12,38.99816666666667,9.515055555555556,Artificial polymer,G2,D,NEG,Land,2021,3,Villasimius_12,38.934759,9.515226699,Sardegna,1000.0,0018-MS00110_TR12_100_LIT,0018-MS00110_TR12,100,26.0,5.0,10.0,13:42:00
0018-MS00110_TR12,38.99816666666667,9.515055555555556,Artificial polymer,G82,B,POS,Land,2021,3,Villasimius_12,38.934759,9.515226699,Sardegna,1000.0,0018-MS00110_TR12_100_LIT,0018-MS00110_TR12,100,26.0,5.0,10.0,13:42:00
0018-MS00110_TR12,39.026666666666664,9.515166666666667,Artificial polymer,G76,C,NEG,Land,2021,3,Villasimius_12,38.934759,9.515226699,Sardegna,1000.0,0018-MS00110_TR12_101_LIT,0018-MS00110_TR12,101,26.0,5.0,10.0,13:50:00
0073-MS00370_TR12,39.9516,9.91685,Artificial polymer,G3,D,POS,Land,2021,4,Arbatax_12,39.950543,9.944859824,Sardegna,1250.0,0073-MS00370_TR12_624_LIT,0073-MS00370_TR12,624,15.0,5.0,8.0,10:41:00
0073-MS00370_TR12,39.95172,9.91522,Artificial polymer,G3,B,POS,Land,2021,4,Arbatax_12,39.950543,9.944859824,Sardegna,1250.0,0073-MS00370_TR12_626_LIT,0073-MS00370_TR12,626,15.0,5.0,8.0,10:45:00
0073-MS00370_TR12,39.95177,9.91431,Artificial polymer,G2,B,POS,Land,2021,4,Arbatax_12,39.950543,9.944859824,Sardegna,1250.0,0073-MS00370_TR12_627_LIT,0073-MS00370_TR12,627,15.0,5.0,8.0,10:47:00
0073-MS00370_TR12,39.95192,9.91296,Artificial polymer,G3,B,POS,Land,2021,4,Arbatax_12,39.950543,9.944859824,Sardegna,1250.0,0073-MS00370_TR12_628_LIT,0073-MS00370_TR12,628,15.0,5.0,8.0,10:49:00
0073-MS00370_TR12,39.95274,9.89921,Artificial polymer,G3,B,POS,Land,2021,4,Arbatax_12,39.950543,9.944859824,Sardegna,1250.0,0073-MS00370_TR12_630_LIT,0073-MS00370_TR12,630,15.0,5.0,8.0,10:52:00
0073-MS00370_TR12,39.95275,9.89876,Artificial polymer,G3,C,POS,Land,2021,4,Arbatax_12,39.950543,9.944859824,Sardegna,1250.0,0073-MS00370_TR12_631_LIT,0073-MS00370_TR12,631,15.0,5.0,8.0,10:53:00
0073-MS00370_TR12,39.9529,9.89222,Artificial polymer,G3,B,POS,Land,2021,4,Arbatax_12,39.950543,9.944859824,Sardegna,1250.0,0073-MS00370_TR12_635_LIT,0073-MS00370_TR12,635,15.0,5.0,8.0,10:54:00
0073-MS00370_TR12,39.95279,9.88929,Artificial polymer,G3,B,POS,Land,2021,4,Arbatax_12,39.950543,9.944859824,Sardegna,1250.0,0073-MS00370_TR12_636_LIT,0073-MS00370_TR12,636,15.0,5.0,8.0,11:00:00
0073-MS00370_TR12,39.95315,9.87985,Artificial polymer,G3,C,POS,Land,2021,4,Arbatax_12,39.950543,9.944859824,Sardegna,1250.0,0073-MS00370_TR12_639_LIT,0073-MS00370_TR12,639,15.0,5.0,8.0,11:05:00
0073-MS00370_TR12,39.95322,9.87883,Artificial polymer,G3,C,POS,Land,2021,4,Arbatax_12,39.950543,9.944859824,Sardegna,1250.0,0073-MS00370_TR12_640_LIT,0073-MS00370_TR12,640,15.0,5.0,8.0,11:09:00
0073-MS00370_TR12,39.95367,9.86447,Artificial polymer,G2,B,POS,Land,2021,4,Arbatax_12,39.950543,9.944859824,Sardegna,1250.0,0073-MS00370_TR12_642_LIT,0073-MS00370_TR12,642,15.0,5.0,8.0,11:15:00
0073-MS00370_TR12,39.95397,9.85384,Artificial polymer,G2,B,POS,Land,2021,4,Arbatax_12,39.950543,9.944859824,Sardegna,1250.0,0073-MS00370_TR12_646_LIT,0073-MS00370_TR12,646,15.0,5.0,8.0,11:17:00
0073-MS00370_TR12,39.954,9.82382,Artificial polymer,G3,D,POS,Land,2021,4,Arbatax_12,39.950543,9.944859824,Sardegna,1250.0,0073-MS00370_TR12_648_LIT,0073-MS00370_TR12,648,15.0,5.0,8.0,11:19:00
0073-MS00370_TR06,39.94835,9.75378,,,E,POS,,2021,4,Arbatax_6,39.950342,9.815153906,Sardegna,850.0,0073-MS00370_TR06_650_LIT,0073-MS00370_TR06,650,15.0,5.0,8.0,12:05:00
0073-MS00370_TR06,39.94833,9.76075,Artificial polymer,G3,B,POS,Land,2021,4,Arbatax_6,39.950342,9.815153906,Sardegna,850.0,0073-MS00370_TR06_651_LIT,0073-MS00370_TR06,651,15.0,5.0,8.0,12:06:00
0073-MS00370_TR06,39.94937,9.78461,Artificial polymer,G3,C,POS,Land,2021,4,Arbatax_6,39.950342,9.815153906,Sardegna,850.0,0073-MS00370_TR06_652_LIT,0073-MS00370_TR06,652,15.0,5.0,8.0,12:08:00
0073-MS00370_TR06,39.94936,9.78568,Artificial polymer,G95,B,POS,Land,2021,4,Arbatax_6,39.950342,9.815153906,Sardegna,850.0,0073-MS00370_TR06_653_LIT,0073-MS00370_TR06,653,15.0,5.0,8.0,12:11:00
0073-MS00370_TR06,39.94923,9.79022,Artificial polymer,G3,B,POS,Land,2021,4,Arbatax_6,39.950342,9.815153906,Sardegna,850.0,0073-MS00370_TR06_654_LIT,0073-MS00370_TR06,654,15.0,5.0,8.0,12:15:00
0129-MS00730_TR12,41.03426,9.75441,Packaging,G76,C,POS,Land,2021,4,Olbia_12,41.055417,9.782383333,Sardegna,87.0,0129-MS00730_TR12_436_LIT,0129-MS00730_TR12,436,15.0,5.0,7.0,11:38:19
0129-MS00730_TR06,41.02443,9.73934,Packaging,G76,C,POS,Land,2021,4,Olbia_6,40.993467,9.67835,Sardegna,70.0,0129-MS00730_TR06_439_LIT,0129-MS00730_TR06,439,15.0,5.0,7.0,11:45:40
0192-MS01200_TR06,40.48843333,8.216916667,Artificial polymer,G76,B,POS,Land,2021,4,Alghero_6,40.486933,8.21605,Sardegna,98.0,0192-MS01207_TR06_413_LIT,0192-MS01200_TR06,413,1.0,5.0,5.0,12:06:26
0192-MS01200_TR06,40.51316667,8.2489,Artificial polymer,G76,B,POS,Land,2021,4,Alghero_6,40.486933,8.21605,Sardegna,98.0,0192-MS01207_TR06_419_LIT,0192-MS01200_TR06,419,1.0,5.0,5.0,12:10:05
0192-MS01200_TR12,40.43428333,8.148016667,Artificial polymer,G2,D,POS,Land,2021,4,Alghero_12,40.417167,8.12245,Sardegna,118.0,0192-MS01200_TR12_A385_LIT,0192-MS01200_TR12,385,1.0,5.0,5.0,10:11:08
0192-MS01200_TR12,40.44476667,8.1604,Artificial polymer,G76,C,POS,Land,2021,4,Alghero_12,40.417167,8.12245,Sardegna,118.0,0192-MS01201_TR12_A392_LIT,0192-MS01200_TR12,392,1.0,5.0,5.0,11:16:18
0192-MS01200_TR12,40.46171667,8.18145,Artificial polymer,G76,B,POS,Land,2021,4,Alghero_12,40.417167,8.12245,Sardegna,118.0,0192-MS01202_TR12_A399_LIT,0192-MS01200_TR12,399,1.0,5.0,5.0,11:25:16
0192-MS01200_TR12,40.4634,8.183966667,Artificial polymer,G76,C,POS,Land,2021,4,Alghero_12,40.417167,8.12245,Sardegna,118.0,0192-MS01203_TR12_A401_LIT,0192-MS01200_TR12,401,1.0,5.0,5.0,11:43:30
0192-MS01200_TR12,40.46975,8.19215,Artificial polymer,G76,C,POS,Land,2021,4,Alghero_12,40.417167,8.12245,Sardegna,118.0,0192-MS01204_TR12_A406_LIT,0192-MS01200_TR12,406,1.0,5.0,5.0,11:45:03
0192-MS01200_TR12,40.47878333,8.204366667,Artificial polymer,G6,F,POS,Land,2021,4,Alghero_12,40.417167,8.12245,Sardegna,118.0,0192-MS01205_TR12_A410_LIT,0192-MS01200_TR12,410,1.0,5.0,5.0,11:50:27
0192-MS01200_TR12,40.48405,8.211466667,Artificial polymer,G76,B,POS,Land,2021,4,Alghero_12,40.417167,8.12245,Sardegna,118.0,0192-MS01206_TR12_A411_LIT,0192-MS01200_TR12,411,1.0,5.0,5.0,11:59:59
0004-MS00200_TR06,39.1252,9.22932,,,C,POS,Sea,2021,6,Cagliari_6,39.12184,9.22315355,Sardegna,55.0,0004-MS00200_TR06_127_LIT,0004-MS00200_TR06,127,9.0,5.0,6.0,13:45:00
0004-MS00200_TR06,39.1252,9.22932,Artificial polymer,G2,D,POS,Land,2021,6,Cagliari_6,39.12184,9.22315355,Sardegna,55.0,0004-MS00200_TR06_127_LIT,0004-MS00200_TR06,127,9.0,5.0,6.0,13:45:00
0004-MS00200_TR06,39.13034,9.2283,,,C,POS,Sea,2021,6,Cagliari_6,39.12184,9.22315355,Sardegna,55.0,0004-MS00200_TR06_128_LIT,0004-MS00200_TR06,128,9.0,5.0,6.0,13:49:00
0004-MS00200_TR06,39.14162,9.22648,Artificial polymer,G2,B,NEG,Land,2021,6,Cagliari_6,39.12184,9.22315355,Sardegna,55.0,0004-MS00200_TR06_129_LIT,0004-MS00200_TR06,129,9.0,5.0,6.0,13:54:00
0004-MS00200_TR12,39.05883,9.24845,,,B,POS,Sea,2021,6,Cagliari_12,39.023896,9.248386794,Sardegna,400.0,0004-MS00200_TR12_121_LIT,0004-MS00200_TR12,121,9.0,5.0,6.0,13:01:00
0004-MS00200_TR12,39.09423,9.23666,Artificial polymer,G2,B,POS,Land,2021,6,Cagliari_12,39.023896,9.248386794,Sardegna,400.0,0004-MS00200_TR12_122_LIT,0004-MS00200_TR12,122,9.0,5.0,6.0,13:11:00
0004-MS00200_TR12,39.09581,9.23591,,,C,POS,Sea,2021,6,Cagliari_12,39.023896,9.248386794,Sardegna,400.0,0004-MS00200_TR12_123_LIT,0004-MS00200_TR12,123,9.0,5.0,6.0,13:13:00
0004-MS00200_TR12,39.1055,9.23238,Artificial polymer,,C,POS,Land,2021,6,Cagliari_12,39.023896,9.248386794,Sardegna,400.0,0004-MS00200_TR12_124_LIT,0004-MS00200_TR12,124,9.0,5.0,6.0,13:17:00
0004-MS00200_TR12,39.11641,9.22978,Artificial polymer,G2,C,POS,Land,2021,6,Cagliari_12,39.023896,9.248386794,Sardegna,400.0,0004-MS00200_TR12_125_LIT,0004-MS00200_TR12,125,9.0,5.0,6.0,13:23:00
0004-MS00200_TR12,39.11825,9.22981,Artificial polymer,G2,E,NEG,Land,2021,6,Cagliari_12,39.023896,9.248386794,Sardegna,400.0,0004-MS00200_TR12_126_LIT,0004-MS00200_TR12,126,9.0,5.0,6.0,13:34:00
0004-MS00200_TR12,39.11825,9.22981,Artificial polymer,G2,B,NEG,Land,2021,6,Cagliari_12,39.023896,9.248386794,Sardegna,400.0,0004-MS00200_TR12_126_LIT,0004-MS00200_TR12,126,9.0,5.0,6.0,13:34:00
0018-MS00110_TR06,39.06282,9.48767,Artificial polymer,T353,B,POS,Land,2021,5,Villasimius_6,39.034544,9.498402779,Sardegna,600.0,0018-MS00110_TR06_115_LIT,0018-MS00110_TR06,115,27.0,5.0,6.0,14:27:00
0018-MS00110_TR06,39.07043,9.48935,Artificial polymer,T353,B,POS,Land,2021,5,Villasimius_6,39.034544,9.498402779,Sardegna,600.0,0018-MS00110_TR06_116_LIT,0018-MS00110_TR06,116,27.0,5.0,6.0,14:30:00
0018-MS00110_TR06,39.07043,9.48935,Artificial polymer,G79,F,NEG,Land,2021,5,Villasimius_6,39.034544,9.498402779,Sardegna,600.0,0018-MS00110_TR06_116_LIT,0018-MS00110_TR06,116,27.0,5.0,6.0,14:30:00
0018-MS00110_TR06,39.08593,9.49218,Artificial polymer,T353,B,POS,Land,2021,5,Villasimius_6,39.034544,9.498402779,Sardegna,600.0,0018-MS00110_TR06_120_LIT,0018-MS00110_TR06,120,27.0,5.0,6.0,14:34:00
0018-MS00110_TR12,38.93872,9.48757,Artificial polymer,G27,,POS,Land,2021,5,Villasimius_12,38.934759,9.515226699,Sardegna,1000.0,0018-MS00110_TR12_106_LIT,0018-MS00110_TR12,106,25.0,5.0,6.0,12:07:00
0018-MS00110_TR12,38.95731,9.48887,Artificial polymer,G2,C,POS,Land,2021,5,Villasimius_12,38.934759,9.515226699,Sardegna,1000.0,0018-MS00110_TR12_107_LIT,0018-MS00110_TR12,107,25.0,5.0,6.0,12:11:00
0018-MS00110_TR12,38.98029,9.49059,Artificial polymer,G2,B,POS,Land,2021,5,Villasimius_12,38.934759,9.515226699,Sardegna,1000.0,0018-MS00110_TR12_109_LIT,0018-MS00110_TR12,109,25.0,5.0,6.0,12:17:00
0018-MS00110_TR12,38.98648,9.49115,Artificial polymer,G2,D,POS,Land,2021,5,Villasimius_12,38.934759,9.515226699,Sardegna,1000.0,0018-MS00110_TR12_110_LIT,0018-MS00110_TR12,110,25.0,5.0,6.0,12:28:00
0018-MS00110_TR12,38.99316,9.49127,,,G,POS,Land,2021,5,Villasimius_12,38.934759,9.515226699,Sardegna,1000.0,0018-MS00110_TR12_111_LIT,0018-MS00110_TR12,111,25.0,5.0,6.0,12:40:00
0018-MS00110_TR12,38.99316,9.49127,Artificial polymer,G2,B,POS,Land,2021,5,Villasimius_12,38.934759,9.515226699,Sardegna,1000.0,0018-MS00110_TR12_111_LIT,0018-MS00110_TR12,111,25.0,5.0,6.0,12:40:00
0018-MS00110_TR12,38.99545,9.49119,Artificial polymer,G2,B,POS,Land,2021,5,Villasimius_12,38.934759,9.515226699,Sardegna,1000.0,0018-MS00110_TR12_112_LIT,0018-MS00110_TR12,112,25.0,5.0,6.0,12:48:00
0018-MS00110_TR12,38.99821,9.49179,Artificial polymer,G2,D,POS,Land,2021,5,Villasimius_12,38.934759,9.515226699,Sardegna,1000.0,0018-MS00110_TR12_113_LIT,0018-MS00110_TR12,113,25.0,5.0,6.0,12:57:00
0018-MS00110_TR12,38.99821,9.49179,Artificial polymer,G2,B,POS,Land,2021,5,Villasimius_12,38.934759,9.515226699,Sardegna,1000.0,0018-MS00110_TR12_113_LIT,0018-MS00110_TR12,113,25.0,5.0,6.0,12:57:00
0073-MS00370_TR12,39.9461,9.94579,Artificial polymer,G20,B,POS,Land,2021,6,Arbatax_12,39.950543,9.944859824,Sardegna,1250.0,0073-MS00370_TR12_664_LIT,0073-MS00370_TR12,664,10.0,5.0,8.0,10:35:26
0073-MS00370_TR12,39.94561,9.93176,Artificial polymer,G38,B,POS,Land,2021,6,Arbatax_12,39.950543,9.944859824,Sardegna,1250.0,0073-MS00370_TR12_665_LIT,0073-MS00370_TR12,665,10.0,5.0,8.0,10:51:25
0073-MS00370_TR12,39.94566,9.92936,Artificial polymer,G38,B,POS,Land,2021,6,Arbatax_12,39.950543,9.944859824,Sardegna,1250.0,0073-MS00370_TR12_666_LIT,0073-MS00370_TR12,666,10.0,5.0,8.0,10:52:15
0073-MS00370_TR12,39.94567,9.92875,Artificial polymer,G38,B,POS,Land,2021,6,Arbatax_12,39.950543,9.944859824,Sardegna,1250.0,0073-MS00370_TR12_667_LIT,0073-MS00370_TR12,667,10.0,5.0,8.0,10:52:27
0073-MS00370_TR12,39.94571,9.9265,Artificial polymer,G2,B,POS,Land,2021,6,Arbatax_12,39.950543,9.944859824,Sardegna,1250.0,0073-MS00370_TR12_668_LIT,0073-MS00370_TR12,668,10.0,5.0,8.0,10:53:14
0073-MS00370_TR12,39.94566,9.92609,Artificial polymer,G38,B,POS,Land,2021,6,Arbatax_12,39.950543,9.944859824,Sardegna,1250.0,0073-MS00370_TR12_669_LIT,0073-MS00370_TR12,669,10.0,5.0,8.0,10:53:22
0073-MS00370_TR12,39.94589,9.92259,Artificial polymer,G2,D,POS,Land,2021,6,Arbatax_12,39.950543,9.944859824,Sardegna,1250.0,0073-MS00370_TR12_671_LIT,0073-MS00370_TR12,671,10.0,5.0,8.0,10:54:36
0073-MS00370_TR12,39.94566,9.91909,Artificial polymer,G2,E,POS,Land,2021,6,Arbatax_12,39.950543,9.944859824,Sardegna,1250.0,0073-MS00370_TR12_672_LIT,0073-MS00370_TR12,672,10.0,5.0,8.0,10:55:49
0073-MS00370_TR12,39.94571,9.91862,Artificial polymer,G2,E,POS,Land,2021,6,Arbatax_12,39.950543,9.944859824,Sardegna,1250.0,0073-MS00370_TR12_673_LIT,0073-MS00370_TR12,673,10.0,5.0,8.0,10:55:59
0073-MS00370_TR12,39.94579,9.91815,Artificial polymer,G20,B,POS,Land,2021,6,Arbatax_12,39.950543,9.944859824,Sardegna,1250.0,0073-MS00370_TR12_674_LIT,0073-MS00370_TR12,674,10.0,5.0,8.0,10:56:08
0073-MS00370_TR12,39.94576,9.9163,Artificial polymer,T320,D,POS,Land,2021,6,Arbatax_12,39.950543,9.944859824,Sardegna,1250.0,0073-MS00370_TR12_675_LIT,0073-MS00370_TR12,675,10.0,5.0,8.0,10:56:48
0073-MS00370_TR12,39.94531,9.90976,Artificial polymer,G2,F,POS,Land,2021,6,Arbatax_12,39.950543,9.944859824,Sardegna,1250.0,0073-MS00370_TR12_676_LIT,0073-MS00370_TR12,676,10.0,5.0,8.0,10:59:04
0073-MS00370_TR12,39.94534,9.90884,Artificial polymer,G2,E,POS,Land,2021,6,Arbatax_12,39.950543,9.944859824,Sardegna,1250.0,0073-MS00370_TR12_677_LIT,0073-MS00370_TR12,677,10.0,5.0,8.0,10:59:23
0073-MS00370_TR12,39.94538,9.9075,Artificial polymer,G2,D,POS,Land,2021,6,Arbatax_12,39.950543,9.944859824,Sardegna,1250.0,0073-MS00370_TR12_678_LIT,0073-MS00370_TR12,678,10.0,5.0,8.0,10:59:51
0073-MS00370_TR12,39.94534,9.90459,Artificial polymer,G2,F,POS,Land,2021,6,Arbatax_12,39.950543,9.944859824,Sardegna,1250.0,0073-MS00370_TR12_679_LIT,0073-MS00370_TR12,679,10.0,5.0,8.0,11:00:43
0073-MS00370_TR12,39.94535,9.90405,Artificial polymer,G2,C,POS,Land,2021,6,Arbatax_12,39.950543,9.944859824,Sardegna,1250.0,0073-MS00370_TR12_680_LIT,0073-MS00370_TR12,680,10.0,5.0,8.0,11:01:02
0073-MS00370_TR12,39.94535,9.9031,Artificial polymer,G2,F,POS,Land,2021,6,Arbatax_12,39.950543,9.944859824,Sardegna,1250.0,0073-MS00370_TR12_681_LIT,0073-MS00370_TR12,681,10.0,5.0,8.0,11:01:21
0073-MS00370_TR12,39.94536,9.90139,Artificial polymer,G2,D,POS,Land,2021,6,Arbatax_12,39.950543,9.944859824,Sardegna,1250.0,0073-MS00370_TR12_682_LIT,0073-MS00370_TR12,682,10.0,5.0,8.0,11:01:56
0073-MS00370_TR12,39.94524,9.89977,Artificial polymer,G67,E,POS,Land,2021,6,Arbatax_12,39.950543,9.944859824,Sardegna,1250.0,0073-MS00370_TR12_683_LIT,0073-MS00370_TR12,683,10.0,5.0,8.0,11:02:30
0073-MS00370_TR12,39.94518,9.89857,Artificial polymer,G2,F,POS,Land,2021,6,Arbatax_12,39.950543,9.944859824,Sardegna,1250.0,0073-MS00370_TR12_684_LIT,0073-MS00370_TR12,684,10.0,5.0,8.0,11:02:54
0192-MS01200_TR12,40.42701,8.14161,Artificial polymer,G2,E,POS,Land,2021,6,Alghero_12,40.417167,8.12245,Sardegna,118.0,0192-MS01200_TR12_456_LIT,0192-MS01200_TR12,456,1.0,5.0,7.0,11:52:00
0192-MS01200_TR12,40.43024,8.14564,Artificial polymer,G87,C,POS,Land,2021,6,Alghero_12,40.417167,8.12245,Sardegna,118.0,0192-MS01200_TR12_457_LIT,0192-MS01200_TR12,457,1.0,5.0,7.0,11:55:00
0182-MS01070_TR12,41.00325,8.4174,Artificial polymer,T329,D,POS,Land,2021,6,Porto Torres_12,41.037033,8.421433333,Sardegna,74.0,0182-MS01070_TR12_481_LIT,0182-MS01070_TR12,481,10.0,5.0,6.0,12:33:00
0018-MS00110_TR06,39.07613,9.48921,,,B,POS,Sea,2021,5,Villasimius_6,39.034544,9.498402779,Sardegna,600.0,0018-MS00110_TR06_139_LIT,0018-MS00110_TR06,139,27.0,5.0,8.0,14:13:00
0018-MS00110_TR06,39.07932,9.48994,Artificial polymer,G2,C,POS,Land,2021,5,Villasimius_6,39.034544,9.498402779,Sardegna,600.0,0018-MS00110_TR06_140_LIT,0018-MS00110_TR06,140,27.0,5.0,8.0,14:14:00
0018-MS00110_TR12,38.98091,9.49224,,,,POS,Sea,2021,7,Villasimius_12,38.934759,9.515226699,Sardegna,1000.0,0018-MS00110_TR12_133_LIT,0018-MS00110_TR12,133,21.0,5.0,5.8,12:28:00
0018-MS00110_TR12,38.98418,9.49245,,,,POS,Sea,2021,7,Villasimius_12,38.934759,9.515226699,Sardegna,1000.0,0018-MS00110_TR12_134_LIT,0018-MS00110_TR12,134,21.0,5.0,5.8,12:30:00
0018-MS00110_TR12,39.0019,9.49235,Artificial polymer,,,POS,Land,2021,7,Villasimius_12,38.934759,9.515226699,Sardegna,1000.0,0018-MS00110_TR12_135_LIT,0018-MS00110_TR12,135,21.0,5.0,5.8,12:38:00
0018-MS00110_TR12,39.00549,9.49296,,,,POS,Land,2021,7,Villasimius_12,38.934759,9.515226699,Sardegna,1000.0,0018-MS00110_TR12_136_LIT,0018-MS00110_TR12,136,21.0,5.0,5.8,12:43:00
0018-MS00110_TR12,39.00549,9.49296,,,,POS,Sea,2021,7,Villasimius_12,38.934759,9.515226699,Sardegna,1000.0,0018-MS00110_TR12_136_LIT,0018-MS00110_TR12,136,21.0,5.0,5.8,12:43:00
0018-MS00110_TR12,39.00945,9.4939,Artificial polymer,G58,E,NEG,Land,2021,7,Villasimius_12,38.934759,9.515226699,Sardegna,1000.0,0018-MS00110_TR12_137_LIT,0018-MS00110_TR12,137,21.0,5.0,5.8,12:47:00
0018-MS00110_TR12,39.03051,9.49763,Artificial polymer,G2,C,POS,Land,2021,7,Villasimius_12,38.934759,9.515226699,Sardegna,1000.0,0018-MS00110_TR12_138_LIT,0018-MS00110_TR12,138,21.0,5.0,5.8,12:56:00
0073-MS00370_TR06,39.9607,9.81071,Artificial polymer,G134,D,POS,Land,2021,7,Arbatax_6,39.950342,9.815153906,Sardegna,850.0,0073-MS00370_TR06_701_LIT,0073-MS00370_TR06,701,22.0,5.0,8.0,12:09:09
0073-MS00370_TR06,39.95057,9.8101,Artificial polymer,G2,C,POS,Land,2021,7,Arbatax_6,39.950342,9.815153906,Sardegna,850.0,0073-MS00370_TR06_702_LIT,0073-MS00370_TR06,702,22.0,5.0,8.0,12:09:28
0073-MS00370_TR06,39.95087,9.78295,Artificial polymer,T320,C,POS,Land,2021,7,Arbatax_6,39.950342,9.815153906,Sardegna,850.0,0073-MS00370_TR06_703_LIT,0073-MS00370_TR06,703,22.0,5.0,8.0,12:15:42
0073-MS00370_TR06,39.95016,9.75239,Artificial polymer,G2,B,POS,Land,2021,7,Arbatax_6,39.950342,9.815153906,Sardegna,850.0,0073-MS00370_TR06_704_LIT,0073-MS00370_TR06,704,22.0,5.0,8.0,12:21:36
0073-MS00370_TR12,39.95408,9.88824,Artificial polymer,G2,F,POS,Land,2021,7,Arbatax_12,39.950543,9.944859824,Sardegna,1250.0,0073-MS00370_TR12_695_LIT,0073-MS00370_TR12,695,22.0,5.0,8.0,11:04:04
0073-MS00370_TR12,39.95296,9.87749,Artificial polymer,G2,C,POS,Land,2021,7,Arbatax_12,39.950543,9.944859824,Sardegna,1250.0,0073-MS00370_TR12_696_LIT,0073-MS00370_TR12,696,22.0,5.0,8.0,11:05:55
0073-MS00370_TR12,39.95285,9.87545,Artificial polymer,G2,C,POS,Land,2021,7,Arbatax_12,39.950543,9.944859824,Sardegna,1250.0,0073-MS00370_TR12_697_LIT,0073-MS00370_TR12,697,22.0,5.0,8.0,11:06:15
0073-MS00370_TR12,39.95174,9.86368,Artificial polymer,G2,B,POS,Land,2021,7,Arbatax_12,39.950543,9.944859824,Sardegna,1250.0,0073-MS00370_TR12_698_LIT,0073-MS00370_TR12,698,22.0,5.0,8.0,11:09:12
0073-MS00370_TR12,39.95191,9.86182,Artificial polymer,G2,B,POS,Land,2021,7,Arbatax_12,39.950543,9.944859824,Sardegna,1250.0,0073-MS00370_TR12_699_LIT,0073-MS00370_TR12,699,22.0,5.0,8.0,11:09:42
0073-MS00370_TR12,39.95201,9.86088,Artificial polymer,G2,B,POS,Land,2021,7,Arbatax_12,39.950543,9.944859824,Sardegna,1250.0,0073-MS00370_TR12_700_LIT,0073-MS00370_TR12,700,22.0,5.0,8.0,11:09:58
0182-MS01070_TR12,41.03094,8.42346,Rubber,G126,D,POS,Land,2021,7,Porto Torres_12,41.037033,8.421433333,Sardegna,74.0,0182-MS01070_TR12_484_LIT,0182-MS01070_TR12,484,27.0,5.0,9.0,11:22:00
0192-MS01200_TR12,40.42309,8.13804,Artificial polymer,G38,C,POS,Land,2021,7,Alghero_12,40.417167,8.12245,Sardegna,118.0,0192-MS01200_TR12_482_LIT,0192-MS01200_TR12,482,7.0,5.0,9.0,12:29:00
0192-MS01200_TR12,40.43541,8.153,Artificial polymer,G79,C,POS,Land,2021,7,Alghero_12,40.417167,8.12245,Sardegna,118.0,0192-MS01200_TR12_483_LIT,0192-MS01200_TR12,483,7.0,5.0,9.0,12:35:00
0222-MS01380_TR06,39.84737,8.47196,,,B,POS,Sea,2021,7,Oristano_6,39.825853,8.438476544,Sardegna,26.0,0222-MS01380_TR06_0001_LIT,0222-MS01380_TR06,1,21.0,5.0,8.0,12:08:00
0222-MS01380_TR06,39.849212,8.47447,,,B,POS,Sea,2021,7,Oristano_6,39.825853,8.438476544,Sardegna,26.0,0222-MS01380_TR06_0001_LIT,0222-MS01380_TR06,1,21.0,5.0,8.0,12:09:00
0222-MS01380_TR06,39.85492,8.48262,,,B,POS,Sea,2021,7,Oristano_6,39.825853,8.438476544,Sardegna,26.0,0222-MS01380_TR06_0001_LIT,0222-MS01380_TR06,1,21.0,5.0,8.0,12:12:00
0004-MS00200_TR06,39.12203,9.22245,Artificial polymer,G76,D,POS,Land,2021,9,Cagliari_6,39.12184,9.22315355,Sardegna,55.0,0004-MS00200_TR06_151_TR,0004-MS00200_TR06,151,6.0,5.0,6.0,13:23:00
0004-MS00200_TR06,39.12203,9.22245,Artificial polymer,G76,B,POS,Land,2021,9,Cagliari_6,39.12184,9.22315355,Sardegna,55.0,0004-MS00200_TR06_151_TR,0004-MS00200_TR06,151,6.0,5.0,6.0,13:23:00
0004-MS00200_TR06,39.1296,9.21913,,,D,POS,Land,2021,9,Cagliari_6,39.12184,9.22315355,Sardegna,55.0,0004-MS00200_TR06_152_TR,0004-MS00200_TR06,152,6.0,5.0,6.0,13:27:00
0004-MS00200_TR06,39.1527,9.21427,Artificial polymer,G211,B,POS,Land,2021,9,Cagliari_6,39.12184,9.22315355,Sardegna,55.0,0004-MS00200_TR06_153_TR,0004-MS00200_TR06,153,6.0,5.0,6.0,13:38:00
0004-MS00200_TR06,39.16262,9.21219,Artificial polymer,G96,C,POS,Land,2021,9,Cagliari_6,39.12184,9.22315355,Sardegna,55.0,0004-MS00200_TR06_154_TR,0004-MS00200_TR06,154,6.0,5.0,6.0,13:49:00
0004-MS00200_TR06,39.16959,9.21149,Artificial polymer,G76,D,POS,Land,2021,9,Cagliari_6,39.12184,9.22315355,Sardegna,55.0,0004-MS00200_TR06_154_TR,0004-MS00200_TR06,155,6.0,5.0,6.0,13:50:00
0004-MS00200_TR12,39.02619,9.25403,Artificial polymer,G58,F,POS,Land,2021,9,Cagliari_12,39.023896,9.248386794,Sardegna,400.0,0004-MS00200_TR12_144_LIT,0004-MS00200_TR12,144,6.0,5.0,6.0,12:30:00
0004-MS00200_TR12,39.0363,9.25101,,,C,POS,Sea,2021,9,Cagliari_12,39.023896,9.248386794,Sardegna,400.0,0004-MS00200_TR12_145_LIT,0004-MS00200_TR12,145,6.0,5.0,6.0,12:40:00
0004-MS00200_TR12,39.06788,9.24019,Artificial polymer,G76,B,POS,Land,2021,9,Cagliari_12,39.023896,9.248386794,Sardegna,400.0,0004-MS00200_TR12_146_LIT,0004-MS00200_TR12,146,6.0,5.0,6.0,12:52:00
0004-MS00200_TR12,39.08196,9.23459,,,D,POS,Sea,2021,9,Cagliari_12,39.023896,9.248386794,Sardegna,400.0,0004-MS00200_TR12_149_LIT,0004-MS00200_TR12,149,6.0,5.0,6.0,12:59:00
0018-MS00110_TR06,39.07038,9.4933,,,,NEG,Land,2021,10,Villasimius_6,39.034544,9.498402779,Sardegna,600.0,0018-MS00110_TR06_156_LIT,0018-MS00110_TR06,156,1.0,5.0,7.4,11:04:00
0018-MS00110_TR06,39.06482,9.49355,Artificial polymer,G76,C,POS,Land,2021,10,Villasimius_6,39.034544,9.498402779,Sardegna,600.0,0018-MS00110_TR06_157_LIT,0018-MS00110_TR06,157,1.0,5.0,7.4,11:01:00
0018-MS00110_TR06,39.06356,9.49383,Artificial polymer,G76,C,POS,Land,2021,10,Villasimius_6,39.034544,9.498402779,Sardegna,600.0,0018-MS00110_TR06_158_LIT,0018-MS00110_TR06,158,1.0,5.0,7.4,11:00:00
0018-MS00110_TR06,39.06276,9.49389,Artificial polymer,G76,B,NEG,Land,2021,10,Villasimius_6,39.034544,9.498402779,Sardegna,600.0,0018-MS00110_TR06_159_LIT,0018-MS00110_TR06,159,1.0,5.0,7.4,10:59:00
0018-MS00110_TR06,39.06243,9.49382,Artificial polymer,G76,E,NEG,Land,2021,10,Villasimius_6,39.034544,9.498402779,Sardegna,600.0,0018-MS00110_TR06_160_LIT,0018-MS00110_TR06,160,1.0,5.0,7.4,10:58:00
0018-MS00110_TR12,38.94153,9.49796,Artificial polymer,G76,B,NEG,Land,2021,10,Villasimius_12,38.934759,9.515226699,Sardegna,1000.0,0018-MS00110_TR12_161_LIT,0018-MS00110_TR12,161,1.0,5.0,7.4,13:37:00
0018-MS00110_TR12,38.94153,9.49796,Artificial polymer,G76,E,NEG,Land,2021,10,Villasimius_12,38.934759,9.515226699,Sardegna,1000.0,0018-MS00110_TR12_161_LIT,0018-MS00110_TR12,161,1.0,5.0,7.4,13:37:00
0018-MS00110_TR12,39.02224,9.49951,Artificial polymer,,E,NEG,Land,2021,10,Villasimius_12,38.934759,9.515226699,Sardegna,1000.0,0018-MS00110_TR12_162_LIT,0018-MS00110_TR12,162,1.0,5.0,7.4,13:53:00
0192-MS01200_TR12,40.43416,8.14322,Artificial polymer,T320,C,POS,Land,2021,9,Alghero_12,40.417167,8.12245,Sardegna,118.0,0192-MS01200_TR12_490_LIT,0192-MS01200_TR12,490,2.0,5.0,8.0,09:56:00
0192-MS01200_TR12,40.44353,8.15523,Artificial polymer,T329,D,POS,Land,2021,9,Alghero_12,40.417167,8.12245,Sardegna,118.0,0192-MS01200_TR12_491_LIT,0192-MS01200_TR12,491,2.0,5.0,8.0,10:02:00
0192-MS01200_TR12,40.44593,8.15847,Artificial polymer,G79,B,POS,Land,2021,9,Alghero_12,40.417167,8.12245,Sardegna,118.0,0192-MS01200_TR12_492_LIT,0192-MS01200_TR12,492,2.0,5.0,8.0,10:04:00
0192-MS01200_TR12,40.45958,8.17935,Artificial polymer,G79,B,POS,Land,2021,9,Alghero_12,40.417167,8.12245,Sardegna,118.0,0192-MS01200_TR12_493_LIT,0192-MS01200_TR12,493,2.0,5.0,8.0,10:13:00
0192-MS01200_TR12,40.47034,8.19337,Artificial polymer,G2,D,POS,Land,2021,9,Alghero_12,40.417167,8.12245,Sardegna,118.0,0192-MS01200_TR12_494_LIT,0192-MS01200_TR12,494,2.0,5.0,8.0,10:20:00
0129-MS00730_TR06,40.98423,9.66635,Processed wood,G171,F,POS,Land,2021,9,Olbia_6,40.993467,9.67835,Sardegna,70.0,0129-MS00730_TR06_504_LIT,0129-MS00730_TR06,504,14.0,5.0,10.0,12:55:00
0129-MS00730_TR06,40.98071,9.66007,Artificial polymer,G89,E,POS,Land,2021,9,Olbia_6,40.993467,9.67835,Sardegna,70.0,0129-MS00730_TR06_505_LIT,0129-MS00730_TR06,505,14.0,5.0,10.0,12:57:00
0129-MS00730_TR12,41.02891,9.75031,Artificial polymer,G79,C,POS,Land,2021,9,Olbia_12,41.055417,9.782383333,Sardegna,87.0,0129-MS00730_TR12_498_LIT,0129-MS00730_TR12,498,14.0,5.0,10.0,12:28:00
0129-MS00730_TR12,41.02168,9.73669,Artificial polymer,G2,D,POS,Land,2021,9,Olbia_12,41.055417,9.782383333,Sardegna,87.0,0129-MS00730_TR12_499_LIT,0129-MS00730_TR12,499,14.0,5.0,10.0,12:32:00
0129-MS00730_TR12,41.00549,9.70576,Artificial polymer,G79,D,POS,Land,2021,9,Olbia_12,41.055417,9.782383333,Sardegna,87.0,0129-MS00730_TR12_500_LIT,0129-MS00730_TR12,500,14.0,5.0,10.0,12:42:00
0129-MS00730_TR12,40.99366,9.68374,Artificial polymer,G79,D,POS,Land,2021,9,Olbia_12,41.055417,9.782383333,Sardegna,87.0,0129-MS00730_TR12_501_LIT,0129-MS00730_TR12,501,14.0,5.0,10.0,12:49:00
0129-MS00730_TR12,40.99366,9.68374,Artificial polymer,G79,D,POS,Land,2021,9,Olbia_12,41.055417,9.782383333,Sardegna,87.0,0129-MS00730_TR12_501_LIT,0129-MS00730_TR12,501,14.0,5.0,10.0,12:49:00
0129-MS00730_TR12,40.99366,9.68374,Artificial polymer,G79,D,POS,Land,2021,9,Olbia_12,41.055417,9.782383333,Sardegna,87.0,0129-MS00730_TR12_501_LIT,0129-MS00730_TR12,501,14.0,5.0,10.0,12:49:00
0129-MS00730_TR12,40.99366,9.68374,Artificial polymer,G79,D,POS,Land,2021,9,Olbia_12,41.055417,9.782383333,Sardegna,87.0,0129-MS00730_TR12_501_LIT,0129-MS00730_TR12,501,14.0,5.0,10.0,12:49:00
0129-MS00730_TR12,40.99228,9.68123,Artificial polymer,G79,F,POS,Land,2021,9,Olbia_12,41.055417,9.782383333,Sardegna,87.0,0129-MS00730_TR12_502_LIT,0129-MS00730_TR12,502,14.0,5.0,10.0,12:50:00
0129-MS00730_TR12,40.9922,9.68108,Artificial polymer,G79,C,POS,Land,2021,9,Olbia_12,41.055417,9.782383333,Sardegna,87.0,0129-MS00730_TR12_503_LIT,0129-MS00730_TR12,503,14.0,5.0,10.0,12:50:00
0004-MS00200_TR06,39.11629,9.23012,Natural matter,,F,POS,Land,2021,11,Cagliari_6,39.12184,9.22315355,Sardegna,55.0,0004-MS00200_TR06_185_TR,0004-MS00200_TR06,185,23.0,5.0,6.0,14:35:00
0004-MS00200_TR06,39.12307,9.22868,Artificial polymer,G2,B,POS,Land,2021,11,Cagliari_6,39.12184,9.22315355,Sardegna,55.0,0004-MS00200_TR06_186_TR,0004-MS00200_TR06,186,23.0,5.0,6.0,14:39:00
0004-MS00200_TR06,39.12661,9.22678,Natural matter,,F,NEG,Land,2021,11,Cagliari_6,39.12184,9.22315355,Sardegna,55.0,0004-MS00200_TR06_187_TR,0004-MS00200_TR06,187,23.0,5.0,6.0,14:42:00
0004-MS00200_TR06,39.13215,9.22451,Artificial polymer,G2,B,POS,Land,2021,11,Cagliari_6,39.12184,9.22315355,Sardegna,55.0,0004-MS00200_TR06_188_TR,0004-MS00200_TR06,188,23.0,5.0,6.0,14:46:00
0004-MS00200_TR06,39.14083,9.22063,Natural matter,,C,POS,Land,2021,11,Cagliari_6,39.12184,9.22315355,Sardegna,55.0,0004-MS00200_TR06_189_TR,0004-MS00200_TR06,189,23.0,5.0,6.0,14:49:00
0004-MS00200_TR06,39.14344,9.22024,Natural matter,,D,POS,Sea,2021,11,Cagliari_6,39.12184,9.22315355,Sardegna,55.0,0004-MS00200_TR06_190_TR,0004-MS00200_TR06,190,23.0,5.0,6.0,14:50:00
0004-MS00200_TR12,39.04191,9.25427,Natural matter,,E,POS,Land,2021,11,Cagliari_12,39.023896,9.248386794,Sardegna,400.0,0004-MS00200_TR12_163_TR,0004-MS00200_TR12,163,23.0,5.0,6.0,13:43:00
0004-MS00200_TR12,39.0579,9.24833,Natural matter,,F,POS,Land,2021,11,Cagliari_12,39.023896,9.248386794,Sardegna,400.0,0004-MS00200_TR12_164_TR,0004-MS00200_TR12,164,23.0,5.0,6.0,13:45:00
0004-MS00200_TR12,39.06477,9.2462,Natural matter,,E,POS,Land,2021,11,Cagliari_12,39.023896,9.248386794,Sardegna,400.0,0004-MS00200_TR12_165_TR,0004-MS00200_TR12,165,23.0,5.0,6.0,13:46:00
0004-MS00200_TR12,39.06743,9.24596,Natural matter,,G,POS,Sea,2021,11,Cagliari_12,39.023896,9.248386794,Sardegna,400.0,0004-MS00200_TR12_166_TR,0004-MS00200_TR12,166,23.0,5.0,6.0,13:46:00
0004-MS00200_TR12,39.06743,9.24596,Natural matter,,G,POS,Land,2021,11,Cagliari_12,39.023896,9.248386794,Sardegna,400.0,0004-MS00200_TR12_166_TR,0004-MS00200_TR12,166,23.0,5.0,6.0,13:46:00
0004-MS00200_TR12,39.07075,9.24484,Natural matter,,F,POS,Land,2021,11,Cagliari_12,39.023896,9.248386794,Sardegna,400.0,0004-MS00200_TR12_167_TR,0004-MS00200_TR12,167,23.0,5.0,6.0,13:48:00
0004-MS00200_TR12,39.07102,9.24471,Natural matter,,G,POS,Sea,2021,11,Cagliari_12,39.023896,9.248386794,Sardegna,400.0,0004-MS00200_TR12_168_TR,0004-MS00200_TR12,168,23.0,5.0,6.0,13:48:00
0004-MS00200_TR12,39.07269,9.2443,Natural matter,,E,POS,Land,2021,11,Cagliari_12,39.023896,9.248386794,Sardegna,400.0,0004-MS00200_TR12_169_TR,0004-MS00200_TR12,169,23.0,5.0,6.0,13:49:00
0004-MS00200_TR12,39.07349,9.24422,Natural matter,,E,POS,Land,2021,11,Cagliari_12,39.023896,9.248386794,Sardegna,400.0,0004-MS00200_TR12_170_TR,0004-MS00200_TR12,170,23.0,5.0,6.0,13:51:00
0004-MS00200_TR12,39.07484,9.2439,Natural matter,,E,POS,Land,2021,11,Cagliari_12,39.023896,9.248386794,Sardegna,400.0,0004-MS00200_TR12_171_TR,0004-MS00200_TR12,171,23.0,5.0,6.0,13:51:00
0004-MS00200_TR12,39.07568,9.24358,Natural matter,,E,POS,Land,2021,11,Cagliari_12,39.023896,9.248386794,Sardegna,400.0,0004-MS00200_TR12_172_TR,0004-MS00200_TR12,172,23.0,5.0,6.0,13:52:00
0004-MS00200_TR12,39.07712,9.24299,Natural matter,,E,POS,Land,2021,11,Cagliari_12,39.023896,9.248386794,Sardegna,400.0,0004-MS00200_TR12_173_TR,0004-MS00200_TR12,173,23.0,5.0,6.0,13:52:00
0004-MS00200_TR12,39.07979,9.24317,Artificial polymer,G79,C,POS,Land,2021,11,Cagliari_12,39.023896,9.248386794,Sardegna,400.0,0004-MS00200_TR12_174_TR,0004-MS00200_TR12,174,23.0,5.0,6.0,13:53:00
0004-MS00200_TR12,39.08078,9.24276,Artificial polymer,G177,C,POS,Land,2021,11,Cagliari_12,39.023896,9.248386794,Sardegna,400.0,0004-MS00200_TR12_175_TR,0004-MS00200_TR12,175,23.0,5.0,6.0,13:55:00
0004-MS00200_TR12,39.0839,9.24176,Natural matter,,E,POS,Land,2021,11,Cagliari_12,39.023896,9.248386794,Sardegna,400.0,0004-MS00200_TR12_176_TR,0004-MS00200_TR12,176,23.0,5.0,6.0,13:58:00
0004-MS00200_TR12,39.08604,9.24065,Natural matter,,C,POS,Sea,2021,11,Cagliari_12,39.023896,9.248386794,Sardegna,400.0,0004-MS00200_TR12_177_TR,0004-MS00200_TR12,177,23.0,5.0,6.0,13:59:00
0004-MS00200_TR12,39.08884,9.24037,Natural matter,,H,POS,Land,2021,11,Cagliari_12,39.023896,9.248386794,Sardegna,400.0,0004-MS00200_TR12_178_TR,0004-MS00200_TR12,178,23.0,5.0,6.0,14:01:00
0004-MS00200_TR12,39.09123,9.2401,Natural matter,,B,POS,Sea,2021,11,Cagliari_12,39.023896,9.248386794,Sardegna,400.0,0004-MS00200_TR12_179_TR,0004-MS00200_TR12,179,23.0,5.0,6.0,14:04:00
0004-MS00200_TR12,39.09303,9.23955,Natural matter,,B,POS,Sea,2021,11,Cagliari_12,39.023896,9.248386794,Sardegna,400.0,0004-MS00200_TR12_179_TR,0004-MS00200_TR12,179,23.0,5.0,6.0,14:06:00
0004-MS00200_TR12,39.09303,9.23955,Artificial polymer,G80,H,POS,Land,2021,11,Cagliari_12,39.023896,9.248386794,Sardegna,400.0,0004-MS00200_TR12_180_TR,0004-MS00200_TR12,180,23.0,5.0,6.0,14:08:00
0004-MS00200_TR12,39.09303,9.23955,Natural matter,,H,POS,Land,2021,11,Cagliari_12,39.023896,9.248386794,Sardegna,400.0,0004-MS00200_TR12_180_TR,0004-MS00200_TR12,180,23.0,5.0,6.0,14:08:00
0004-MS00200_TR12,39.09931,9.23701,Natural matter,,D,POS,Land,2021,11,Cagliari_12,39.023896,9.248386794,Sardegna,400.0,0004-MS00200_TR12_181_TR,0004-MS00200_TR12,181,23.0,5.0,6.0,14:13:00
0004-MS00200_TR12,39.10585,9.23514,Natural matter,,D,POS,Land,2021,11,Cagliari_12,39.023896,9.248386794,Sardegna,400.0,0004-MS00200_TR12_182_TR,0004-MS00200_TR12,182,23.0,5.0,6.0,14:16:00
0004-MS00200_TR12,39.11046,9.23351,Natural matter,,F,POS,Sea,2021,11,Cagliari_12,39.023896,9.248386794,Sardegna,400.0,0004-MS00200_TR12_183_TR,0004-MS00200_TR12,183,23.0,5.0,6.0,14:18:00
0004-MS00200_TR12,39.11046,9.23351,Natural matter,,F,POS,Land,2021,11,Cagliari_12,39.023896,9.248386794,Sardegna,400.0,0004-MS00200_TR12_183_TR,0004-MS00200_TR12,183,23.0,5.0,6.0,14:18:00
0004-MS00200_TR12,39.11327,9.23133,Artificial polymer,G79,D,POS,Land,2021,11,Cagliari_12,39.023896,9.248386794,Sardegna,400.0,0004-MS00200_TR12_184_TR,0004-MS00200_TR12,184,23.0,5.0,6.0,14:21:00
0004-MS00200_TR12,39.11327,9.23133,Natural matter,,F,POS,Sea,2021,11,Cagliari_12,39.023896,9.248386794,Sardegna,400.0,0004-MS00200_TR12_185_TR,0004-MS00200_TR12,184,23.0,5.0,6.0,14:21:00
0004-MS00200_TR12,39.11327,9.23133,Natural matter,,F,POS,Land,2021,11,Cagliari_12,39.023896,9.248386794,Sardegna,400.0,0004-MS00200_TR12_185_TR,0004-MS00200_TR12,184,23.0,5.0,6.0,14:21:00
0018-MS00110_TR06,39.04736,9.50508,Artificial polymer,G2,B,POS,Land,2021,12,Villasimius_6,39.034544,9.498402779,Sardegna,600.0,0018-MS00110_TR06_196_TR,0018-MS00110_TR06,196,14.0,5.0,6.0,15:30:00
0018-MS00110_TR12,38.99909,9.50694,Artificial polymer,G2,B,POS,Land,2021,12,Villasimius_12,38.934759,9.515226699,Sardegna,1000.0,0018-MS00110_TR12_191_TR,0018-MS00110_TR12,191,14.0,5.0,6.0,14:55:00
0018-MS00110_TR12,38.99909,9.50694,Natural matter,,B,POS,Land,2021,12,Villasimius_12,38.934759,9.515226699,Sardegna,1000.0,0018-MS00110_TR12_191_TR,0018-MS00110_TR12,191,14.0,5.0,6.0,14:55:00
0018-MS00110_TR12,39.0086,9.50605,Artificial polymer,G2,B,POS,Land,2021,12,Villasimius_12,38.934759,9.515226699,Sardegna,1000.0,0018-MS00110_TR12_192_TR,0018-MS00110_TR12,192,14.0,5.0,6.0,14:56:00
0018-MS00110_TR12,39.01192,9.50558,Natural matter,,D,POS,Land,2021,12,Villasimius_12,38.934759,9.515226699,Sardegna,1000.0,0018-MS00110_TR12_193_TR,0018-MS00110_TR12,193,14.0,5.0,6.0,14:58:00
0018-MS00110_TR12,39.01609,9.50539,Natural matter,,C,POS,Land,2021,12,Villasimius_12,38.934759,9.515226699,Sardegna,1000.0,0018-MS00110_TR12_194_TR,0018-MS00110_TR12,194,14.0,5.0,6.0,15:00:00
0018-MS00110_TR12,39.01676,9.50536,Natural matter,,C,POS,Sea,2021,12,Villasimius_12,38.934759,9.515226699,Sardegna,1000.0,0018-MS00110_TR12_195_TR,0018-MS00110_TR12,195,14.0,5.0,6.0,15:03:00
0073-MS00370_TR06,39.94889,9.7698,Artificial polymer,G2,E,POS,Land,2021,12,Arbatax_6,39.950342,9.815153906,Sardegna,850.0,0073-MS00370_TR06_709_LIT,0073-MS00370_TR12,709,20.0,5.0,8.0,13:01:55
0073-MS00370_TR12,39.94889,9.7698,Artificial polymer,G2,E,POS,Land,2021,12,Arbatax_12,39.950543,9.944859824,Sardegna,1250.0,0073-MS00370_TR12_690_LIT,0073-MS00370_TR12,690,20.0,5.0,8.0,13:01:55
0182-MS01070_TR06,40.91135,8.39432,Artificial polymer,G80,F,POS,Land,2021,11,Porto Torres_6,40.9376,8.402183333,Sardegna,45.0,0182-MS01070_TR06_529_LIT,0182-MS01070_TR06,529,22.0,5.0,7.5,12:38:00
0182-MS01070_TR12,41.01811,8.41165,Artificial polymer,G2,E,POS,Land,2021,11,Porto Torres_12,41.037033,8.421433333,Sardegna,74.0,0182-MS01070_TR12_524_LIT,0182-MS01070_TR12,524,22.0,5.0,7.5,11:13:00
0182-MS01070_TR12,41.01665,8.41122,Artificial polymer,G2,B,POS,Land,2021,11,Porto Torres_12,41.037033,8.421433333,Sardegna,74.0,0182-MS01070_TR12_525_LIT,0182-MS01070_TR12,525,22.0,5.0,7.5,11:13:00
0182-MS01070_TR12,41.00714,8.40981,Natural matter,,C,POS,Sea,2021,11,Porto Torres_12,41.037033,8.421433333,Sardegna,74.0,0182-MS01070_TR12_527_LIT,0182-MS01070_TR12,527,22.0,5.0,7.5,11:18:00
0192-MS01200_TR06,40.51674,8.24743,Artificial polymer,G79,D,POS,Land,2021,12,Alghero_6,40.486933,8.21605,Sardegna,98.0,0192-MS01200_TR06_537_LIT,0192-MS01200_TR06,537,14.0,5.0,8.5,13:43:00
0192-MS01200_TR12,40.4468,8.1559,Artificial polymer,G79,B,POS,Land,2021,12,Alghero_12,40.417167,8.12245,Sardegna,118.0,0192-MS01200_TR12_530_LIT,0192-MS01200_TR12,530,14.0,25.0,8.5,13:00:00
0192-MS01200_TR12,40.44791,8.15721,Artificial polymer,G59,B,POS,Land,2021,12,Alghero_12,40.417167,8.12245,Sardegna,118.0,0192-MS01200_TR12_A531_LIT,0192-MS01200_TR12,531,14.0,25.0,8.5,13:00:00
0192-MS01200_TR12,40.44946,8.1601,Artificial polymer,G79,C,POS,Land,2021,12,Alghero_12,40.417167,8.12245,Sardegna,118.0,0192-MS01200_TR12_A532_LIT,0192-MS01200_TR12,532,14.0,25.0,8.5,13:02:00
0192-MS01200_TR12,40.45221,8.16335,Artificial polymer,G79,B,POS,Land,2021,12,Alghero_12,40.417167,8.12245,Sardegna,118.0,0192-MS01200_TR12_A533_LIT,0192-MS01200_TR12,533,14.0,25.0,8.5,13:03:00
0192-MS01200_TR12,40.4549,8.1679,Artificial polymer,G79,B,POS,Land,2021,12,Alghero_12,40.417167,8.12245,Sardegna,118.0,0192-MS01200_TR12_A534_LIT,0192-MS01200_TR12,534,14.0,25.0,8.5,13:05:00
0192-MS01200_TR12,40.47347,8.18929,Artificial polymer,G79,C,POS,Land,2021,12,Alghero_12,40.417167,8.12245,Sardegna,118.0,0192-MS01200_TR12_A535_LIT,0192-MS01200_TR12,535,14.0,25.0,8.5,13:16:00
0192-MS01200_TR12,40.48067,8.19806,Processed wood,G170,G,POS,Land,2021,12,Alghero_12,40.417167,8.12245,Sardegna,118.0,0192-MS01200_TR12_A536_LIT,0192-MS01200_TR12,536,14.0,25.0,8.5,13:20:00
0004-MS00200_TR06,39.14969,9.21545,Natural matter,,,POS,Sea,2022,1,Cagliari_6,39.12184,9.22315355,Sardegna,55.0,0004-MS00200_TR06_205_LIT,0004-MS00200_TR06,205,24.0,5.0,6.0,14:32:00
0004-MS00200_TR06,39.15453,9.21445,Natural matter,,,POS,Land,2022,1,Cagliari_6,39.12184,9.22315355,Sardegna,55.0,0004-MS00200_TR06_207_LIT,0004-MS00200_TR06,207,24.0,5.0,6.0,14:34:00
0004-MS00200_TR06,39.15855,9.21308,Artificial polymer,J3,B,POS,Land,2022,1,Cagliari_6,39.12184,9.22315355,Sardegna,55.0,0004-MS00200_TR06_208_LIT,0004-MS00200_TR06,208,24.0,5.0,6.0,14:36:00
0004-MS00200_TR06,39.16488,9.21152,Artificial polymer,J3,C,POS,Land,2022,1,Cagliari_6,39.12184,9.22315355,Sardegna,55.0,0004-MS00200_TR06_209_LIT,0004-MS00200_TR06,209,24.0,5.0,6.0,14:40:00
0004-MS00200_TR06,39.16488,9.21152,Artificial polymer,J59,B,POS,Land,2022,1,Cagliari_6,39.12184,9.22315355,Sardegna,55.0,0004-MS00200_TR06_209_LIT,0004-MS00200_TR06,209,24.0,5.0,6.0,14:40:00
0004-MS00200_TR06,39.16796,9.21071,Natural matter,,D,POS,Land,2022,1,Cagliari_6,39.12184,9.22315355,Sardegna,55.0,0004-MS00200_TR06_210_LIT,0004-MS00200_TR06,210,24.0,5.0,6.0,14:41:00
0073-MS00370_TR12,39.94689,9.87788,Natural matter,,B,POS,Sea,2022,1,Arbatax_12,39.950543,9.94485982,Sardegna,1250.0,0073-MS00370_TR12_712_LIT,0073-MS00370_TR12,712,17.0,5.0,8.0,11:14:55
0073-MS00370_TR12,39.94697,9.86728,Natural matter,,D,POS,Sea,2022,1,Arbatax_12,39.950543,9.94485982,Sardegna,1250.0,0073-MS00370_TR12_713_LIT,0073-MS00370_TR12,713,17.0,5.0,8.0,11:17:42
0073-MS00370_TR12,39.94641,9.86453,Natural matter,,B,POS,Sea,2022,1,Arbatax_12,39.950543,9.94485982,Sardegna,1250.0,0073-MS00370_TR12_714_LIT,0073-MS00370_TR12,714,17.0,5.0,8.0,11:18:30
0073-MS00370_TR12,39.94651,9.86378,Natural matter,,B,POS,Sea,2022,1,Arbatax_12,39.950543,9.94485982,Sardegna,1250.0,0073-MS00370_TR12_715_LIT,0073-MS00370_TR12,715,17.0,5.0,8.0,11:18:41
0073-MS00370_TR12,39.94645,9.8625,Natural matter,,D,POS,Sea,2022,1,Arbatax_12,39.950543,9.94485982,Sardegna,1250.0,0073-MS00370_TR12_716_LIT,0073-MS00370_TR12,716,17.0,5.0,8.0,11:19:01
0073-MS00370_TR12,39.94666,9.84442,Natural matter,,C,POS,Sea,2022,1,Arbatax_12,39.950543,9.94485982,Sardegna,1250.0,0073-MS00370_TR12_717_LIT,0073-MS00370_TR12,717,17.0,5.0,8.0,11:23:42
0073-MS00370_TR12,39.94694,9.83961,Natural matter,,B,POS,Sea,2022,1,Arbatax_12,39.950543,9.94485982,Sardegna,1250.0,0073-MS00370_TR12_718_LIT,0073-MS00370_TR12,718,17.0,5.0,8.0,11:24:57
0073-MS00370_TR12,39.94713,9.83698,Metal,J177,C,POS,Land,2022,1,Arbatax_12,39.950543,9.94485982,Sardegna,1250.0,0073-MS00370_TR12_719_LIT,0073-MS00370_TR12,719,17.0,5.0,8.0,11:25:37
0073-MS00370_TR12,39.94716,9.83619,Artificial polymer,J79,C,POS,Land,2022,1,Arbatax_12,39.950543,9.94485982,Sardegna,1250.0,0073-MS00370_TR12_720_LIT,0073-MS00370_TR12,720,17.0,5.0,8.0,11:25:49
0073-MS00370_TR12,39.94719,9.8355,Artificial polymer,J79,E,POS,Land,2022,1,Arbatax_12,39.950543,9.94485982,Sardegna,1250.0,0073-MS00370_TR12_721_LIT,0073-MS00370_TR12,721,17.0,5.0,8.0,11:26:00
0073-MS00370_TR12,39.94885,9.81816,Artificial polymer,J79,B,POS,Land,2022,1,Arbatax_12,39.950543,9.94485982,Sardegna,1250.0,0073-MS00370_TR12_722_LIT,0073-MS00370_TR12,722,17.0,5.0,8.0,11:30:26
0129-MS00730_TR12,41.03788,9.75855,Artificial polymer,J79,C,POS,Land,2022,1,Olbia_12,41.055417,9.78238333,Sardegna,87.0,0129-MS00730_TR12_538_LIT,0129-MS00730_TR12,538,18.0,5.0,6.0,12:03:00
0129-MS00730_TR12,41.01713,9.72096,Artificial polymer,J79,D,POS,Land,2022,1,Olbia_12,41.055417,9.78238333,Sardegna,87.0,0129-MS00730_TR12_540_LIT,0129-MS00730_TR12,540,18.0,5.0,6.0,12:23:00
0129-MS00730_TR12,41.01646,9.71978,Artificial polymer,J79,C,POS,Land,2022,1,Olbia_12,41.055417,9.78238333,Sardegna,87.0,0129-MS00730_TR12_541_LIT,0129-MS00730_TR12,541,18.0,5.0,6.0,12:24:00
0192-MS01200_TR12,40.46622,8.17876,Artificial polymer,J79,C,POS,Land,2022,1,Alghero_12,40.417167,8.12245,Sardegna,118.0,0192-MS01200_TR12_544_LIT,0192-MS01200_TR12,544,25.0,5.0,7.0,13:02:00
0192-MS01200_TR06,40.51451,8.2448,Artificial polymer,J79,D,NEU,Land,2022,1,Alghero_6,40.486933,8.21605,Sardegna,98.0,0192-MS01200_TR06_546_LIT,0192-MS01200_TR06,546,25.0,5.0,7.0,13:41:00
0222-MS01380_TR12,39.75208,8.34062,Artificial polymer,J36,E,POS,Land,2022,1,Oristano_12,39.75228,8.34534583,Sardegna,49.0,0222-MS01380_TR12_113_LIT,0222-MS01380_TR12,113,26.0,5.0,4.0, 10:08:00
0222-MS01380_TR06,39.83946,8.45866,Natural matter,,,POS,Sea,2022,1,Oristano_6,39.825853,8.43847654,Sardegna,26.0,0222-MS01380_TR06_114_LIT,0222-MS01380_TR06,114,26.0,5.0,4.0, 11:41:00
0222-MS01380_TR06,39.84247,8.46319,Natural matter,,,POS,Sea,2022,1,Oristano_6,39.825853,8.43847654,Sardegna,26.0,0222-MS01380_TR06_115_LIT,0222-MS01380_TR06,115,26.0,5.0,4.0, 11:44:00
0222-MS01380_TR06,39.84275,8.46367,Natural matter,,,POS,Sea,2022,1,Oristano_6,39.825853,8.43847654,Sardegna,26.0,0222-MS01380_TR06_116_LIT,0222-MS01380_TR06,116,26.0,5.0,4.0, 11:44:00
0222-MS01380_TR06,39.84467,8.46679,Natural matter,,,POS,Sea,2022,1,Oristano_6,39.825853,8.43847654,Sardegna,26.0,0222-MS01380_TR06_117_LIT,0222-MS01380_TR06,117,26.0,5.0,4.0, 11:45:00
0222-MS01380_TR06,39.84746,8.47109,Natural matter,,,POS,Sea,2022,1,Oristano_6,39.825853,8.43847654,Sardegna,26.0,0222-MS01380_TR06_118_LIT,0222-MS01380_TR06,118,26.0,5.0,4.0, 11:48:00
0222-MS01380_TR06,39.84776,8.47155,Natural matter,,,POS,Sea,2022,1,Oristano_6,39.825853,8.43847654,Sardegna,26.0,0222-MS01380_TR06_119_LIT,0222-MS01380_TR06,119,26.0,5.0,4.0, 11:48:00
0222-MS01380_TR06,39.84842,8.47249,Natural matter,,,POS,Sea,2022,1,Oristano_6,39.825853,8.43847654,Sardegna,26.0,0222-MS01380_TR06_120_LIT,0222-MS01380_TR06,120,26.0,5.0,4.0, 11:48:00
0222-MS01380_TR06,39.84921,8.47354,Natural matter,,,POS,Sea,2022,1,Oristano_6,39.825853,8.43847654,Sardegna,26.0,0222-MS01380_TR06_121_LIT,0222-MS01380_TR06,121,26.0,5.0,4.0, 11:49:00
0222-MS01380_TR06,39.8497,8.47422,Natural matter,,,POS,Sea,2022,1,Oristano_6,39.825853,8.43847654,Sardegna,26.0,0222-MS01380_TR06_122_LIT,0222-MS01380_TR06,122,26.0,5.0,4.0, 11:49:00
0222-MS01380_TR06,39.85029,8.47509,Natural matter,,,POS,Sea,2022,1,Oristano_6,39.825853,8.43847654,Sardegna,26.0,0222-MS01380_TR06_123_LIT,0222-MS01380_TR06,123,26.0,5.0,4.0, 11:50:00
0222-MS01380_TR06,39.85092,8.47593,Natural matter,,,POS,Sea,2022,1,Oristano_6,39.825853,8.43847654,Sardegna,26.0,0222-MS01380_TR06_124_LIT,0222-MS01380_TR06,124,26.0,5.0,4.0, 11:50:00
0222-MS01380_TR06,39.8511,8.47618,Natural matter,,,POS,Sea,2022,1,Oristano_6,39.825853,8.43847654,Sardegna,26.0,0222-MS01380_TR06_125_LIT,0222-MS01380_TR06,125,26.0,5.0,4.0, 11:50:00
0222-MS01380_TR06,39.85187,8.47715,Natural matter,,,POS,Sea,2022,1,Oristano_6,39.825853,8.43847654,Sardegna,26.0,0222-MS01380_TR06_126_LIT,0222-MS01380_TR06,126,26.0,5.0,4.0, 11:51:00
0222-MS01380_TR06,39.85323,8.47895,Natural matter,,,POS,Sea,2022,1,Oristano_6,39.825853,8.43847654,Sardegna,26.0,0222-MS01380_TR06_127_LIT,0222-MS01380_TR06,127,26.0,5.0,4.0, 11:52:00
0222-MS01380_TR06,39.85441,8.48056,Natural matter,,,POS,Sea,2022,1,Oristano_6,39.825853,8.43847654,Sardegna,26.0,0222-MS01380_TR06_128_LIT,0222-MS01380_TR06,128,26.0,5.0,4.0, 11:53:00
0222-MS01380_TR06,39.8546,8.48081,Natural matter,,,POS,Sea,2022,1,Oristano_6,39.825853,8.43847654,Sardegna,26.0,0222-MS01380_TR06_129_LIT,0222-MS01380_TR06,129,26.0,5.0,4.0, 11:53:00
0222-MS01380_TR06,39.85535,8.48184,Natural matter,,,POS,Sea,2022,1,Oristano_6,39.825853,8.43847654,Sardegna,26.0,0222-MS01380_TR06_130_LIT,0222-MS01380_TR06,130,26.0,5.0,4.0, 11:53:00
0222-MS01380_TR06,39.85699,8.48404,Natural matter,,,POS,Sea,2022,1,Oristano_6,39.825853,8.43847654,Sardegna,26.0,0222-MS01380_TR06_131_LIT,0222-MS01380_TR06,131,26.0,5.0,4.0, 11:55:00
0004-MS00200_TR06,39.15131,9.20987,Artificial polymer,J231,D,POS,Land,2022,5,Cagliari_6,39.12184,9.22315355,Sardegna,55.0,0004-MS00200_TR06_236_LIT,0004-MS00200_TR06,236,10.0,5.0,6.0,14:00:00
0004-MS00200_TR06,39.15464,9.20846,Artificial polymer,J49,X,POS,Land,2022,5,Cagliari_6,39.12184,9.22315355,Sardegna,55.0,0004-MS00200_TR06_237_LIT,0004-MS00200_TR06,237,10.0,5.0,6.0,14:05:00
0004-MS00200_TR12,39.03555,9.24606,Natural matter,,C,POS,Land,2022,5,Cagliari_12,39.023896,9.24838679,Sardegna,400.0,0004-MS00200_TR12_223_LIT,0004-MS00200_TR12,223,10.0,5.0,6.0,13:01:00
0004-MS00200_TR12,39.03998,9.2442,Natural matter,,B,POS,Sea,2022,5,Cagliari_12,39.023896,9.24838679,Sardegna,400.0,0004-MS00200_TR12_224_LIT,0004-MS00200_TR12,224,10.0,5.0,6.0,13:08:00
0004-MS00200_TR12,39.04217,9.2434,Artificial polymer,J79,C,POS,Land,2022,5,Cagliari_12,39.023896,9.24838679,Sardegna,400.0,0004-MS00200_TR12_225_LIT,0004-MS00200_TR12,225,10.0,5.0,6.0,13:10:00
0004-MS00200_TR12,39.04397,9.24272,Natural matter,,B,POS,Sea,2022,5,Cagliari_12,39.023896,9.24838679,Sardegna,400.0,0004-MS00200_TR12_226_LIT,0004-MS00200_TR12,226,10.0,5.0,6.0,13:11:00
0004-MS00200_TR12,39.04464,9.24255,Natural matter,,B,POS,Sea,2022,5,Cagliari_12,39.023896,9.24838679,Sardegna,400.0,0004-MS00200_TR12_227_LIT,0004-MS00200_TR12,227,10.0,5.0,6.0,13:11:00
0004-MS00200_TR12,39.04686,9.24185,Natural matter,,C,POS,Sea,2022,5,Cagliari_12,39.023896,9.24838679,Sardegna,400.0,0004-MS00200_TR12_228_LIT,0004-MS00200_TR12,228,10.0,5.0,6.0,13:12:00
0004-MS00200_TR12,39.04902,9.241,Natural matter,,E,POS,Sea,2022,5,Cagliari_12,39.023896,9.24838679,Sardegna,400.0,0004-MS00200_TR12_229_LIT,0004-MS00200_TR12,229,10.0,5.0,6.0,13:13:00
0004-MS00200_TR12,39.05092,9.24036,Natural matter,,B,POS,Sea,2022,5,Cagliari_12,39.023896,9.24838679,Sardegna,400.0,0004-MS00200_TR12_230_LIT,0004-MS00200_TR12,230,10.0,5.0,6.0,13:14:00
0004-MS00200_TR12,39.05283,9.23986,Natural matter,,C,POS,Sea,2022,5,Cagliari_12,39.023896,9.24838679,Sardegna,400.0,0004-MS00200_TR12_231_LIT,0004-MS00200_TR12,231,10.0,5.0,6.0,13:15:00
0004-MS00200_TR12,39.05494,9.23929,Artificial polymer,J79,B,POS,Land,2022,5,Cagliari_12,39.023896,9.24838679,Sardegna,400.0,0004-MS00200_TR12_232_LIT,0004-MS00200_TR12,232,10.0,5.0,6.0,13:16:00
0004-MS00200_TR12,39.05898,9.23827,Natural matter,,C,POS,Sea,2022,5,Cagliari_12,39.023896,9.24838679,Sardegna,400.0,0004-MS00200_TR12_233_LIT,0004-MS00200_TR12,233,10.0,5.0,6.0,13:18:00
0004-MS00200_TR12,39.06353,9.23703,Natural matter,,E,POS,Sea,2022,5,Cagliari_12,39.023896,9.24838679,Sardegna,400.0,0004-MS00200_TR12_234_LIT,0004-MS00200_TR12,234,10.0,5.0,6.0,13:20:00
0004-MS00200_TR12,39.11716,9.21868,Natural matter,,E,POS,Sea,2022,5,Cagliari_12,39.023896,9.24838679,Sardegna,400.0,0004-MS00200_TR12_235_LIT,0004-MS00200_TR12,235,10.0,5.0,6.0,13:46:00
0018-MS00110_TR12,38.96256,9.51391,Artificial polymer,J25,B,POS,Land,2022,3,Villasimius_12,38.934759,9.5152267,Sardegna,1000.0,0073-MS00370_TR12_212_LIT,0073-MS00370_TR12,212,10.0,5.0,8.0,13:11:00
0018-MS00110_TR12,38.98431,9.50963,Natural matter,,B,POS,Land,2022,3,Villasimius_12,38.934759,9.5152267,Sardegna,1000.0,0073-MS00370_TR12_213_LIT,0073-MS00370_TR12,213,10.0,5.0,8.0,13:22:00
0018-MS00110_TR12,39.02976,9.50084,Artificial polymer,J5,B,POS,Land,2022,3,Villasimius_12,38.934759,9.5152267,Sardegna,1000.0,0073-MS00370_TR12_214_LIT,0073-MS00370_TR12,214,10.0,5.0,8.0,13:45:00
0073-MS00370_TR06,39.95068,9.76095,Artificial polymer,J96,D,POS,Land,2022,3,Arbatax_6,39.950342,9.81515391,Sardegna,850.0,0073-MS00370_TR06_744_LIT,0073-MS00370_TR06,744,24.0,,8.0,12:33:01
0073-MS00370_TR12,39.95018,9.93212,Artificial polymer,J227,C,POS,Land,2022,3,Arbatax_12,39.950543,9.94485982,Sardegna,1250.0,0073-MS00370_TR12_728_LIT,0073-MS00370_TR12,728,24.0,,8.0,11:19:40
0073-MS00370_TR12,39.95119,9.92123,Artificial polymer,J240,B,POS,Land,2022,3,Arbatax_12,39.950543,9.94485982,Sardegna,1250.0,0073-MS00370_TR12_731_LIT,0073-MS00370_TR12,731,24.0,,8.0,11:22:52
0073-MS00370_TR12,39.95144,9.91842,Algae,,B,POS,Sea,2022,3,Arbatax_12,39.950543,9.94485982,Sardegna,1250.0,0073-MS00370_TR12_732_LIT,0073-MS00370_TR12,732,24.0,,8.0,11:23:41
0073-MS00370_TR12,39.95204,9.9115,Paper/Cartboard,J156,C,POS,Land,2022,3,Arbatax_12,39.950543,9.94485982,Sardegna,1250.0,0073-MS00370_TR12_733_LIT,0073-MS00370_TR12,733,24.0,,8.0,11:25:41
0073-MS00370_TR12,39.95178,9.90943,Artificial polymer,J240,C,POS,Land,2022,3,Arbatax_12,39.950543,9.94485982,Sardegna,1250.0,0073-MS00370_TR12_734_LIT,0073-MS00370_TR12,734,24.0,,8.0,11:26:17
0073-MS00370_TR12,39.95164,9.90831,Artificial polymer,J240,B,POS,Land,2022,3,Arbatax_12,39.950543,9.94485982,Sardegna,1250.0,0073-MS00370_TR12_735_LIT,0073-MS00370_TR12,735,24.0,,8.0,11:26:36
0073-MS00370_TR12,39.95178,9.90463,Artificial polymer,J240,B,POS,Land,2022,3,Arbatax_12,39.950543,9.94485982,Sardegna,1250.0,0073-MS00370_TR12_737_LIT,0073-MS00370_TR12,737,24.0,,8.0,11:27:39
0073-MS00370_TR12,39.9518,9.90437,Artificial polymer,J240,B,POS,Land,2022,3,Arbatax_12,39.950543,9.94485982,Sardegna,1250.0,0073-MS00370_TR12_738_LIT,0073-MS00370_TR12,738,24.0,,8.0,11:27:43
0073-MS00370_TR12,39.95058,9.82555,Artificial polymer,J240,B,POS,Land,2022,3,Arbatax_12,39.950543,9.94485982,Sardegna,1250.0,0073-MS00370_TR12_741_LIT,0073-MS00370_TR12,741,24.0,,8.0,11:49:01
0073-MS00370_TR12,39.95041,9.82266,Artificial polymer,J3 ,E,POS,Land,2022,3,Arbatax_12,39.950543,9.94485982,Sardegna,1250.0,0073-MS00370_TR12_742_LIT,0073-MS00370_TR12,742,24.0,,8.0,11:49:48
0073-MS00370_TR12,39.95041,9.82266,Artificial polymer,J240,B,POS,Land,2022,3,Arbatax_12,39.950543,9.94485982,Sardegna,1250.0,0073-MS00370_TR12_742_LIT,0073-MS00370_TR12,742,24.0,,8.0,11:49:48
0073-MS00370_TR12,39.95047,9.81952,Artificial polymer,J82,B,POS,Land,2022,3,Arbatax_12,39.950543,9.94485982,Sardegna,1250.0,0073-MS00370_TR12_743_LIT,0073-MS00370_TR12,743,24.0,,8.0,11:50:39
0129-MS00730_TR12,41.04319,9.78487,Artificial polymer,J82,C,POS,Land,2022,3,Olbia_12,41.055417,9.78238333,Sardegna,87.0,0129-MS00730_TR12_568_LIT,0129-MS00730_TR12,568,3.0,25.0,7.0,12:09:00
0129-MS00730_TR12,41.03723,9.77864,Artificial polymer,J79,B,POS,Land,2022,3,Olbia_12,41.055417,9.78238333,Sardegna,87.0,0129-MS00730_TR12_569_LIT,0129-MS00730_TR12,569,3.0,25.0,7.0,12:13:00
0129-MS00730_TR12,41.01088,9.74626,Natural matter,,,POS,Land,2022,3,Olbia_12,41.055417,9.78238333,Sardegna,87.0,0129-MS00730_TR12_570_LIT,0129-MS00730_TR12,570,3.0,25.0,7.0,12:31:00
0129-MS00730_TR12,41.00417,9.73733,Artificial polymer,J79,C,POS,Land,2022,3,Olbia_12,41.055417,9.78238333,Sardegna,87.0,0129-MS00730_TR12_572_LIT,0129-MS00730_TR12,572,3.0,25.0,7.0,12:36:00
0129-MS00730_TR12,41.00082,9.73274,Natural matter,,,POS,Land,2022,3,Olbia_12,41.055417,9.78238333,Sardegna,87.0,0129-MS00730_TR12_574_LIT,0129-MS00730_TR12,574,3.0,25.0,7.0,12:38:00
0129-MS00730_TR12,40.99317,9.72163,Natural matter,,,POS,Land,2022,3,Olbia_12,41.055417,9.78238333,Sardegna,87.0,0129-MS00730_TR12_575_LIT,0129-MS00730_TR12,575,3.0,25.0,7.0,12:44:00
0129-MS00730_TR12,40.9852,9.70598,Artificial polymer,J82,C,POS,Land,2022,3,Olbia_12,41.055417,9.78238333,Sardegna,87.0,0129-MS00730_TR12_576_LIT,0129-MS00730_TR12,576,3.0,25.0,7.0,12:52:00
0129-MS00730_TR06,40.96244,9.66917,Artificial polymer,J36,G,POS,Land,2022,3,Olbia_6,40.993467,9.67835,Sardegna,70.0,0129-MS00730_TR12_579_LIT,0129-MS00730_TR06,579,3.0,25.0,7.0,13:11:00
0192-MS01200_TR12,40.43552,8.1472,Natural matter,,,POS,Land,2022,3,Alghero_12,40.417167,8.12245,Sardegna,118.0,0192-MS01200_TR12_580_LIT,0192-MS01200_TR12,580,4.0,25.0,6.0,13:08:00
0192-MS01200_TR12,40.48357,8.21236,Artificial polymer,J4,D,POS,Land,2022,3,Alghero_12,40.417167,8.12245,Sardegna,118.0,0192-MS01200_TR12_581_LIT,0192-MS01200_TR12,581,4.0,25.0,6.0,13:46:00
0192-MS01200_TR12,40.42339,8.15911,Artificial polymer,J82,C,POS,Land,2022,5,Alghero_12,40.41716666666667,8.12245,Sardegna,118.0,0192-MS01200_TR12_584_LIT,0192-MS01200_TR12,584,3.0,25.0,8.0,13:27:00
0182-MS01070_TR12,41.02843,8.42908,Natural matter,,B,POS,Sea,2022,5,Porto Torres_12,41.03703333333333,8.421433333333333,Sardegna,72.0,0182-MS01070_TR12_586_LIT,0182-MS01070_TR12,586,11.0,25.0,6.0,12:37:00
0182-MS01070_TR12,41.01649,8.42901,Artificial polymer,J79,B,POS,Land,2022,5,Porto Torres_12,41.03703333333333,8.421433333333333,Sardegna,72.0,0182-MS01070_TR12_587_LIT,0182-MS01070_TR12,587,11.0,25.0,6.0,12:44:00
0182-MS01070_TR12,41.01139,8.43079,Artificial polymer,J79,B,POS,Land,2022,5,Porto Torres_12,41.03703333333333,8.421433333333333,Sardegna,72.0,0182-MS01070_TR12_588_LIT,0182-MS01070_TR12,588,11.0,25.0,6.0,12:46:00
0182-MS01070_TR12,41.00172,8.43177,Natural matter,,C,POS,Land,2022,5,Porto Torres_12,41.03703333333333,8.421433333333333,Sardegna,72.0,0182-MS01070_TR12_593_LIT,0182-MS01070_TR12,593,11.0,25.0,6.0,12:51:00
0018-MS00110_TR12,38.94136,9.51253,Natural matter,,F,POS,Land,2022,5,Villasimius_12,38.934759,9.5152267,Sardegna,1000.0,0018-MS00110_TR12_238_LIT,0018-MS00110_TR12,238,12.0,5.0,8.0,14:15:00
0018-MS00110_TR12,38.945,9.51209,Natural matter,,H,POS,Land,2022,5,Villasimius_12,38.934759,9.5152267,Sardegna,1000.0,0018-MS00110_TR12_239_LIT,0018-MS00110_TR12,239,12.0,5.0,8.0,14:17:00
0018-MS00110_TR12,38.945,9.51209,Artificial polymer,J23,C,POS,Land,2022,5,Villasimius_12,38.934759,9.5152267,Sardegna,1000.0,0018-MS00110_TR12_239_LIT,0018-MS00110_TR12,239,12.0,5.0,8.0,14:17:00
0018-MS00110_TR12,38.98653,9.50978,Natural matter,,C,POS,Sea,2022,5,Villasimius_12,38.934759,9.5152267,Sardegna,1000.0,0018-MS00110_TR12_240_LIT,0018-MS00110_TR12,240,12.0,5.0,8.0,14:35:00
0018-MS00110_TR12,39.01544,9.50636,Natural matter,,D,POS,Sea,2022,5,Villasimius_12,38.934759,9.5152267,Sardegna,1000.0,0018-MS00110_TR12_241_LIT,0018-MS00110_TR12,241,12.0,5.0,8.0,14:47:00
0018-MS00110_TR12,39.02565,9.50439,Artificial polymer,J96,E,POS,Land,2022,5,Villasimius_12,38.934759,9.5152267,Sardegna,1000.0,0018-MS00110_TR12_242_LIT,0018-MS00110_TR12,242,12.0,5.0,8.0,14:51:00
0018-MS00110_TR06,39.04416,9.49728,Natural matter,,E,POS,Sea,2022,5,Villasimius_6,39.034544,9.49840278,Sardegna,600.0,0018-MS00110_TR06_243_LIT,0018-MS00110_TR06,243,12.0,5.0,8.0,15:00:00
0018-MS00110_TR06,39.08245,9.48916,Artificial polymer,J3,D,POS,Land,2022,5,Villasimius_6,39.034544,9.49840278,Sardegna,600.0,0018-MS00110_TR06_244_LIT,0018-MS00110_TR06,244,12.0,5.0,8.0,15:17:00
0004-MS00200_TR06,39.17479,9.20967,Natural matter,,B,POS,Sea,2022,5,Cagliari_6,39.12184,9.22315355,Sardegna,55.0,0004-MS00200_TR06_245_LIT,0004-MS00200_TR06,245,23.0,5.0,6.0,10:21:00
0004-MS00200_TR06,39.17424,9.21006,Natural matter,,D,POS,Sea,2022,5,Cagliari_6,39.12184,9.22315355,Sardegna,55.0,0004-MS00200_TR06_246_LIT,0004-MS00200_TR06,246,23.0,5.0,6.0,10:22:00
0004-MS00200_TR06,39.17314,9.21031,Natural matter,,B,POS,Sea,2022,5,Cagliari_6,39.12184,9.22315355,Sardegna,55.0,0004-MS00200_TR06_247_LIT,0004-MS00200_TR06,247,23.0,5.0,6.0,10:22:00
0004-MS00200_TR06,39.17129,9.21152,Natural matter,,B,POS,Sea,2022,5,Cagliari_6,39.12184,9.22315355,Sardegna,55.0,0004-MS00200_TR06_248_LIT,0004-MS00200_TR06,248,23.0,5.0,6.0,10:23:00
0004-MS00200_TR06,39.17129,9.21152,Artificial polymer,J3,B,POS,Land,2022,5,Cagliari_6,39.12184,9.22315355,Sardegna,55.0,0004-MS00200_TR06_249_LIT,0004-MS00200_TR06,249,23.0,5.0,6.0,10:23:00
0004-MS00200_TR06,39.16946,9.21186,Natural matter,,C,POS,Sea,2022,5,Cagliari_6,39.12184,9.22315355,Sardegna,55.0,0004-MS00200_TR06_250_LIT,0004-MS00200_TR06,250,23.0,5.0,6.0,10:25:00
0004-MS00200_TR06,39.16946,9.21186,Natural matter,,C,POS,Sea,2022,5,Cagliari_6,39.12184,9.22315355,Sardegna,55.0,0004-MS00200_TR06_251_LIT,0004-MS00200_TR06,251,23.0,5.0,6.0,10:25:00
0004-MS00200_TR06,39.16896,9.21208,Natural matter,,G,POS,Sea,2022,5,Cagliari_6,39.12184,9.22315355,Sardegna,55.0,0004-MS00200_TR06_252_LIT,0004-MS00200_TR06,252,23.0,5.0,6.0,10:25:00
0004-MS00200_TR06,39.1679,9.21242,Artificial polymer,J233,H,POS,Sea,2022,5,Cagliari_6,39.12184,9.22315355,Sardegna,55.0,0004-MS00200_TR06_253_LIT,0004-MS00200_TR06,253,23.0,5.0,6.0,10:26:00
0004-MS00200_TR06,39.16756,9.21246,Natural matter,,C,POS,Sea,2022,5,Cagliari_6,39.12184,9.22315355,Sardegna,55.0,0004-MS00200_TR06_254_LIT,0004-MS00200_TR06,254,23.0,5.0,6.0,10:26:00
0004-MS00200_TR06,39.16568,9.21315,Natural matter,,B,POS,Sea,2022,5,Cagliari_6,39.12184,9.22315355,Sardegna,55.0,0004-MS00200_TR06_255_LIT,0004-MS00200_TR06,255,23.0,5.0,6.0,10:27:00
0004-MS00200_TR06,39.16545,9.21321,Natural matter,,B,POS,Sea,2022,5,Cagliari_6,39.12184,9.22315355,Sardegna,55.0,0004-MS00200_TR06_256_LIT,0004-MS00200_TR06,256,23.0,5.0,6.0,10:27:00
0004-MS00200_TR06,39.16319,9.21326,Natural matter,,B,POS,Sea,2022,5,Cagliari_6,39.12184,9.22315355,Sardegna,55.0,0004-MS00200_TR06_257_LIT,0004-MS00200_TR06,257,23.0,5.0,6.0,10:28:00
0004-MS00200_TR06,39.16082,9.21463,Natural matter,,F,POS,Sea,2022,5,Cagliari_6,39.12184,9.22315355,Sardegna,55.0,0004-MS00200_TR06_258_LIT,0004-MS00200_TR06,258,23.0,5.0,6.0,10:30:00
0004-MS00200_TR06,39.15578,9.21601,Natural matter,,D,POS,Sea,2022,5,Cagliari_6,39.12184,9.22315355,Sardegna,55.0,0004-MS00200_TR06_259_LIT,0004-MS00200_TR06,259,23.0,5.0,6.0,10:33:00
0004-MS00200_TR06,39.15142,9.21803,Artificial polymer,J82,B,POS,Land,2022,5,Cagliari_6,39.12184,9.22315355,Sardegna,55.0,0004-MS00200_TR06_260_LIT,0004-MS00200_TR06,260,23.0,5.0,6.0,10:35:00
0004-MS00200_TR06,39.15005,9.21831,Artificial polymer,J3,D,POS,Land,2022,5,Cagliari_6,39.12184,9.22315355,Sardegna,55.0,0004-MS00200_TR06_261_LIT,0004-MS00200_TR06,261,23.0,5.0,6.0,10:36:00
0004-MS00200_TR06,39.14911,9.21832,Natural matter,,B,POS,Sea,2022,5,Cagliari_6,39.12184,9.22315355,Sardegna,55.0,0004-MS00200_TR06_262_LIT,0004-MS00200_TR06,262,23.0,5.0,6.0,10:37:00
0004-MS00200_TR06,39.14601,9.21965,Natural matter,,B,POS,Sea,2022,5,Cagliari_6,39.12184,9.22315355,Sardegna,55.0,0004-MS00200_TR06_263_LIT,0004-MS00200_TR06,263,23.0,5.0,6.0,10:39:00
0004-MS00200_TR06,39.14501,9.2962,Natural matter,,F,POS,Sea,2022,5,Cagliari_6,39.12184,9.22315355,Sardegna,55.0,0004-MS00200_TR06_264_LIT,0004-MS00200_TR06,264,23.0,5.0,6.0,10:39:00
0004-MS00200_TR06,39.14063,9.22064,Artificial polymer,J3,B,POS,Land,2022,5,Cagliari_6,39.12184,9.22315355,Sardegna,55.0,0004-MS00200_TR06_265_LIT,0004-MS00200_TR06,265,23.0,5.0,6.0,10:42:00
0004-MS00200_TR06,39.13909,9.22064,Artificial polymer,J257,C,POS,Land,2022,5,Cagliari_6,39.12184,9.22315355,Sardegna,55.0,0004-MS00200_TR06_266_LIT,0004-MS00200_TR06,266,23.0,5.0,6.0,10:43:00
0004-MS00200_TR12,39.1269,9.22103,Natural matter,,C,POS,Sea,2022,5,Cagliari_12,39.023896,9.24838679,Sardegna,400.0,0004-MS00200_TR12_267_LIT,0004-MS00200_TR12,267,23.0,5.0,6.0,11:38:00
0004-MS00200_TR12,39.12556,9.22135,Natural matter,,B,POS,Sea,2022,5,Cagliari_12,39.023896,9.24838679,Sardegna,400.0,0004-MS00200_TR12_268_LIT,0004-MS00200_TR12,268,23.0,5.0,6.0,11:39:00
0004-MS00200_TR12,39.12509,9.22149,Natural matter,,D,POS,Sea,2022,5,Cagliari_12,39.023896,9.24838679,Sardegna,400.0,0004-MS00200_TR12_269_LIT,0004-MS00200_TR12,269,23.0,5.0,6.0,11:39:00
0004-MS00200_TR12,39.12503,9.22152,Natural matter,,B,POS,Sea,2022,5,Cagliari_12,39.023896,9.24838679,Sardegna,400.0,0004-MS00200_TR12_270_LIT,0004-MS00200_TR12,270,23.0,5.0,6.0,11:40:00
0004-MS00200_TR12,39.12232,9.22263,Natural matter,,C,POS,Sea,2022,5,Cagliari_12,39.023896,9.24838679,Sardegna,400.0,0004-MS00200_TR12_271_LIT,0004-MS00200_TR12,271,23.0,5.0,6.0,11:41:00
0004-MS00200_TR12,39.12045,9.22337,Artificial polymer,J240,B,POS,Land,2022,5,Cagliari_12,39.023896,9.24838679,Sardegna,400.0,0004-MS00200_TR12_272_LIT,0004-MS00200_TR12,272,23.0,5.0,6.0,11:42:00
0004-MS00200_TR12,39.11945,9.22345,Natural matter,,F,POS,Sea,2022,5,Cagliari_12,39.023896,9.24838679,Sardegna,400.0,0004-MS00200_TR12_273_LIT,0004-MS00200_TR12,273,23.0,5.0,6.0,11:43:00
0004-MS00200_TR12,39.11731,9.22403,Fishing/Aquaculture,J92,C,POS,Land,2022,5,Cagliari_12,39.023896,9.24838679,Sardegna,400.0,0004-MS00200_TR12_274_LIT,0004-MS00200_TR12,274,23.0,5.0,6.0,11:44:00
0004-MS00200_TR12,39.11608,9.22431,Natural matter,,D,POS,Land,2022,5,Cagliari_12,39.023896,9.24838679,Sardegna,400.0,0004-MS00200_TR12_275_LIT,0004-MS00200_TR12,275,23.0,5.0,6.0,11:45:00
0004-MS00200_TR12,39.11404,9.2248,Artificial polymer,J3,C,POS,Land,2022,5,Cagliari_12,39.023896,9.24838679,Sardegna,400.0,0004-MS00200_TR12_276_LIT,0004-MS00200_TR12,276,23.0,5.0,6.0,11:46:00
0004-MS00200_TR12,39.10344,9.22888,Artificial polymer,J3,D,POS,Land,2022,5,Cagliari_12,39.023896,9.24838679,Sardegna,400.0,0004-MS00200_TR12_277_LIT,0004-MS00200_TR12,277,23.0,5.0,6.0,11:53:00
0004-MS00200_TR12,39.10306,9.22899,Natural matter,,B,POS,Sea,2022,5,Cagliari_12,39.023896,9.24838679,Sardegna,400.0,0004-MS00200_TR12_278_LIT,0004-MS00200_TR12,278,23.0,5.0,6.0,11:53:00
0004-MS00200_TR12,39.0871,9.23308,Artificial polymer,J225,B,POS,Land,2022,5,Cagliari_12,39.023896,9.24838679,Sardegna,400.0,0004-MS00200_TR12_279_LIT,0004-MS00200_TR12,279,23.0,5.0,6.0,11:53:00
0004-MS00200_TR12,39.05266,9.24341,Artificial polymer,J240,C,POS,Land,2022,5,Cagliari_12,39.023896,9.24838679,Sardegna,400.0,0004-MS00200_TR12_280_LIT,0004-MS00200_TR12,280,23.0,5.0,6.0,12:24:00
0073-MS00370_TR12,39.96325,9.93245,Artificial polymer,J36,D,POS,Land,2022,7,Arbatax_12,39.9505426,9.94485983,Sardegna,1250.0,0073-MS00370_TR12_747_Lit,0073-MS00370_TR12,747,26.0,5.0,8.0,10:56:26
0073-MS00370_TR12,39.96121,9.89041,Artificial polymer,J240,B,POS,Land,2022,7,Arbatax_12,39.9505426,9.94485983,Sardegna,1250.0,0073-MS00370_TR12_748_Lit,0073-MS00370_TR12,748,26.0,5.0,8.0,11:09:33
0073-MS00370_TR12,39.96099,9.88893,Natural matter,,B,POS,Sea,2022,7,Arbatax_12,39.9505426,9.94485983,Sardegna,1250.0,0073-MS00370_TR12_749_Lit,0073-MS00370_TR12,749,26.0,5.0,8.0,11:10:00
0073-MS00370_TR12,39.9575,9.85667,Artificial polymer,J240,B,POS,Land,2022,7,Arbatax_12,39.9505426,9.94485983,Sardegna,1250.0,0073-MS00370_TR12_750_Lit,0073-MS00370_TR12,750,26.0,5.0,8.0,11:19:27
0073-MS00370_TR12,39.95678,9.85148,Artificial polymer,J100,C,POS,Land,2022,7,Arbatax_12,39.9505426,9.94485983,Sardegna,1250.0,0073-MS00370_TR12_751_Lit,0073-MS00370_TR12,751,26.0,5.0,8.0,11:20:58
0073-MS00370_TR12,39.95625,9.84258,Artificial polymer,J240,B,POS,Land,2022,7,Arbatax_12,39.9505426,9.94485983,Sardegna,1250.0,0073-MS00370_TR12_752_Lit,0073-MS00370_TR12,752,26.0,5.0,8.0,11:23:31
0073-MS00370_TR12,39.9561,9.84086,Artificial polymer,J30,C,POS,Land,2022,7,Arbatax_12,39.9505426,9.94485983,Sardegna,1250.0,0073-MS00370_TR12_753_Lit,0073-MS00370_TR12,753,26.0,5.0,8.0,11:24:00
0073-MS00370_TR12,39.95576,9.83817,Artificial polymer,J30,C,POS,Land,2022,7,Arbatax_12,39.9505426,9.94485983,Sardegna,1250.0,0073-MS00370_TR12_754_Lit,0073-MS00370_TR12,754,26.0,5.0,8.0,11:24:47
0073-MS00370_TR12,39.95536,9.83473,Artificial polymer,J121,B,POS,Land,2022,7,Arbatax_12,39.9505426,9.94485983,Sardegna,1250.0,0073-MS00370_TR12_755_Lit,0073-MS00370_TR12,755,26.0,5.0,8.0,11:25:46
0073-MS00370_TR12,39.95271,9.82044,Artificial polymer,J227,C,POS,Land,2022,7,Arbatax_12,39.9505426,9.94485983,Sardegna,1250.0,0073-MS00370_TR12_756_Lit,0073-MS00370_TR12,756,26.0,5.0,8.0,11:29:57
0073-MS00370_TR12,39.95172,9.81705,Artificial polymer,J240,C,POS,Land,2022,7,Arbatax_12,39.9505426,9.94485983,Sardegna,1250.0,0073-MS00370_TR12_757_Lit,0073-MS00370_TR12,757,26.0,5.0,8.0,11:30:59
0073-MS00370_TR06,39.95004,9.80104,Artificial polymer,J30,C,POS,Land,2022,7,Arbatax_6,39.9503424,9.81515391,Sardegna,850.0,0073-MS00370_TR06_758_Lit,0073-MS00370_TR06,758,26.0,5.0,8.0,12:26:13
0073-MS00370_TR06,39.94966,9.79954,Artificial polymer,J30,C,POS,Land,2022,7,Arbatax_6,39.9503424,9.81515391,Sardegna,850.0,0073-MS00370_TR06_759_Lit,0073-MS00370_TR06,759,26.0,5.0,8.0,12:26:38
0073-MS00370_TR06,39.95005,9.7842,Artificial polymer,J27,B,POS,Land,2022,7,Arbatax_6,39.9503424,9.81515391,Sardegna,850.0,0073-MS00370_TR06_760_Lit,0073-MS00370_TR06,760,26.0,5.0,8.0,12:30:57
0073-MS00370_TR06,39.94947,9.7735,Artificial polymer,J240,C,POS,Land,2022,7,Arbatax_6,39.9503424,9.81515391,Sardegna,850.0,0073-MS00370_TR06_761_Lit,0073-MS00370_TR06,761,26.0,5.0,8.0,12:33:58
0073-MS00370_TR06,39.94945,9.7725,Artificial polymer,J27,B,POS,Land,2022,7,Arbatax_6,39.9503424,9.81515391,Sardegna,850.0,0073-MS00370_TR06_762_Lit,0073-MS00370_TR06,762,26.0,5.0,8.0,12:34:15
0018-MS00110_TR12,38.93919,9.51091,Artificial polymer,J240,B,POS,Land,2022,7,Villasimius_12,38.934759,9.5152267,Sardegna,1000.0,0018-MS00110_TR12_282_Lit,0018-MS00110_TR12,282,14.0,5.0,7.0,11:46:00
0018-MS00110_TR12,38.95372,9.50905,Artificial polymer,J240,C,POS,Land,2022,7,Villasimius_12,38.934759,9.5152267,Sardegna,1000.0,0018-MS00110_TR12_283_Lit,0018-MS00110_TR12,283,14.0,5.0,7.0,11:53:00
0018-MS00110_TR12,38.97173,9.5082,Natural matter,,D,POS,Sea,2022,7,Villasimius_12,38.934759,9.5152267,Sardegna,1000.0,0018-MS00110_TR12_284_Lit,0018-MS00110_TR12,284,14.0,5.0,7.0,12:02:00
0018-MS00110_TR12,38.99089,9.50562,Natural matter,,D,POS,Sea,2022,7,Villasimius_12,38.934759,9.5152267,Sardegna,1000.0,0018-MS00110_TR12_285_Lit,0018-MS00110_TR12,285,14.0,5.0,7.0,12:12:00
0018-MS00110_TR12,38.99261,9.50555,Natural matter,,D,POS,Sea,2022,7,Villasimius_12,38.934759,9.5152267,Sardegna,1000.0,0018-MS00110_TR12_286_Lit,0018-MS00110_TR12,286,14.0,5.0,7.0,12:13:00
0018-MS00110_TR12,39.00344,9.50426,Natural matter,,D,POS,Sea,2022,7,Villasimius_12,38.934759,9.5152267,Sardegna,1000.0,0018-MS00110_TR12_287_Lit,0018-MS00110_TR12,287,14.0,5.0,7.0,12:19:00
0018-MS00110_TR12,39.02871,9.50174,Natural matter,,D,POS,Sea,2022,7,Villasimius_12,38.934759,9.5152267,Sardegna,1000.0,0018-MS00110_TR12_288_Lit,0018-MS00110_TR12,288,14.0,5.0,7.0,12:32:00
0018-MS00110_TR06,39.07179,9.49059,Artificial polymer,J23,B,POS,Land,2022,7,Villasimius_6,39.034544,9.49840278,Sardegna,600.0,0018-MS00110_TR06_289_Lit,0018-MS00110_TR06,289,14.0,5.0,8.0,13:56:00
0018-MS00110_TR06,39.08015,9.4911,Natural matter,,D,POS,Sea,2022,7,Villasimius_6,39.034544,9.49840278,Sardegna,600.0,0018-MS00110_TR06_290_Lit,0018-MS00110_TR06,290,14.0,5.0,8.0,14:00:00
0018-MS00110_TR06,39.08183,9.49138,Natural matter,,D,POS,Sea,2022,7,Villasimius_6,39.034544,9.49840278,Sardegna,600.0,0018-MS00110_TR06_291_Lit,0018-MS00110_TR06,291,14.0,5.0,8.0,14:01:00
0004-MS00200_TR12,39.04961,9.24778,Artificial polymer,J240,B,POS,Land,2022,7,Cagliari_12,39.023896,9.24838679,Sardegna,400.0,0004-MS00200_TR12_292_Lit,0004-MS00200_TR12,292,25.0,5.0,6.0,12:24:00
0004-MS00200_TR12,39.05965,9.2446,Artificial polymer,J240,B,POS,Land,2022,7,Cagliari_12,39.023896,9.24838679,Sardegna,400.0,0004-MS00200_TR12_293_Lit,0004-MS00200_TR12,293,25.0,5.0,6.0,12:30:00
0004-MS00200_TR12,39.10331,9.23324,Natural matter,,C,POS,Sea,2022,7,Cagliari_12,39.023896,9.24838679,Sardegna,400.0,0004-MS00200_TR12_294_Lit,0004-MS00200_TR12,294,25.0,5.0,6.0,12:56:00
0004-MS00200_TR06,39.14697,9.22259,Natural matter,,D,POS,Sea,2022,7,Cagliari_6,39.12184,9.22315355,Sardegna,55.0,0004-MS00200_TR06_295_Lit,0004-MS00200_TR06,295,25.0,5.0,6.0,13:17:00
0004-MS00200_TR06,39.14894,9.22204,Natural matter,,D,POS,Sea,2022,7,Cagliari_6,39.12184,9.22315355,Sardegna,55.0,0004-MS00200_TR06_297_Lit,0004-MS00200_TR06,297,25.0,5.0,6.0,13:19:00
0004-MS00200_TR06,39.15752,9.21981,Natural matter,,D,POS,Sea,2022,7,Cagliari_6,39.12184,9.22315355,Sardegna,55.0,0004-MS00200_TR06_298_Lit,0004-MS00200_TR06,298,25.0,5.0,6.0,13:23:00
0222-MS01380_TR12,39.77089,8.36551,Natural matter,,D,POS,Sea,2022,7,Oristano_12,39.75228,8.34534583,Sardegna,49.0,0222-MS01380_TR12_164_Lit,0222-MS01380_TR12,164,13.0,5.0,6.0,09:58:00
0222-MS01380_TR12,39.77462,8.36974,Artificial polymer,J36,F,NEG,Land,2022,7,Oristano_12,39.75228,8.34534583,Sardegna,49.0,0222-MS01380_TR12_165_Lit,0222-MS01380_TR12,165,13.0,5.0,6.0,10:58:00
0222-MS01380_TR12,39.77974,8.37577,Natural matter,,D,POS,Sea,2022,7,Oristano_12,39.75228,8.34534583,Sardegna,49.0,0222-MS01380_TR12_166_Lit,0222-MS01380_TR12,166,13.0,5.0,6.0,11:58:00
0222-MS01380_TR12,39.78291,8.37948,Natural matter,,D,POS,Sea,2022,7,Oristano_12,39.75228,8.34534583,Sardegna,49.0,0222-MS01380_TR12_167_Lit,0222-MS01380_TR12,167,13.0,5.0,6.0,12:58:00
0222-MS01380_TR12,39.78819,8.38606,Natural matter,,D,POS,Sea,2022,7,Oristano_12,39.75228,8.34534583,Sardegna,49.0,0222-MS01380_TR12_168_Lit,0222-MS01380_TR12,168,13.0,5.0,6.0,13:58:00
0222-MS01380_TR12,39.79355,8.39182,Natural matter,,D,POS,Sea,2022,7,Oristano_12,39.75228,8.34534583,Sardegna,49.0,0222-MS01380_TR12_169_Lit,0222-MS01380_TR12,169,13.0,5.0,6.0,14:58:00
0222-MS01380_TR12,39.79513,8.3939,Natural matter,,D,POS,Sea,2022,7,Oristano_12,39.75228,8.34534583,Sardegna,49.0,0222-MS01380_TR12_170_Lit,0222-MS01380_TR12,170,13.0,5.0,6.0,15:58:00
0222-MS01380_TR12,39.79624,8.39497,Natural matter,,D,POS,Sea,2022,7,Oristano_12,39.75228,8.34534583,Sardegna,49.0,0222-MS01380_TR12_171_Lit,0222-MS01380_TR12,171,13.0,5.0,6.0,16:58:00
0222-MS01380_TR12,39.79831,8.3969,Artificial polymer,J36,E,POS,Land,2022,7,Oristano_12,39.75228,8.34534583,Sardegna,49.0,0222-MS01380_TR12_172_Lit,0222-MS01380_TR12,172,13.0,5.0,6.0,17:58:00
0222-MS01380_TR12,39.79966,8.39835,Natural matter,,D,POS,Sea,2022,7,Oristano_12,39.75228,8.34534583,Sardegna,49.0,0222-MS01380_TR12_173_Lit,0222-MS01380_TR12,173,13.0,5.0,6.0,18:58:00
0222-MS01380_TR06,39.8345,8.4537,Natural matter,,D,POS,Sea,2022,7,Oristano_6,39.825853,8.43847654,Sardegna,26.0,0222-MS01380_TR06_175_Lit,0222-MS01380_TR06,175,13.0,5.0,6.0,19:58:00
0222-MS01380_TR06,39.84293,8.4658,Natural matter,,D,POS,Sea,2022,7,Oristano_6,39.825853,8.43847654,Sardegna,26.0,0222-MS01380_TR06_176_Lit,0222-MS01380_TR06,176,13.0,5.0,6.0,20:58:00
0222-MS01380_TR06,39.84939,8.47516,Natural matter,,D,POS,Sea,2022,7,Oristano_6,39.825853,8.43847654,Sardegna,26.0,0222-MS01380_TR06_177_Lit,0222-MS01380_TR06,177,13.0,5.0,6.0,21:58:00
0192-MS01200_TR06,40.42121,8.13963,Natural matter,,,POS,Sea,2022,7,Alghero_6,40.48693333333333,8.21605,Sardegna,98.0,0192-MS01200_TR06_600_Lit,0192-MS01200_TR06,600,5.0,5.0,6.0,12:17:00
0192-MS01200_TR06,40.43021,8.15512,Natural matter,,,POS,Sea,2022,7,Alghero_6,40.48693333333333,8.21605,Sardegna,98.0,0192-MS01200_TR06_601_Lit,0192-MS01200_TR06,601,5.0,5.0,6.0,12:25:00
0192-MS01200_TR06,40.43367,8.16257,Artificial polymer,J79,B,POS,Land,2022,7,Alghero_6,40.48693333333333,8.21605,Sardegna,98.0,0192-MS01200_TR06_602_Lit,0192-MS01200_TR06,602,5.0,5.0,6.0,12:29:00
0129-MS00730_TR06,41.04806,9.77707,Artificial polymer,J80,H,POS,Land,2022,8,Olbia_6,40.99346666666667,9.67835,Sardegna,70.0,0129-MS00730_TR06_616_Lit,0192-MS01200_TR06,616,3.0,5.0,7.0,12:18:00
0129-MS00730_TR06,41.01939,9.73066,Artificial polymer,J79,B,POS,Land,2022,8,Olbia_6,40.99346666666667,9.67835,Sardegna,70.0,0129-MS00730_TR06_618_Lit,0192-MS01200_TR06,618,3.0,5.0,7.0,12:35:00
0129-MS00730_TR06,40.99665,9.69124,Natural matter,,E,POS,Sea,2022,8,Olbia_6,40.99346666666667,9.67835,Sardegna,70.0,0129-MS00730_TR06_623_Lit,0192-MS01200_TR06,623,3.0,5.0,7.0,12:50:00
0182-MS01070_TR06,41.02228,8.4217,Artificial polymer,J7,D,POS,Land,2022,7,Porto Torres_6,40.9376,8.402183333333333,Sardegna,45.0,0182-MS01070_TR06_603_Lit,0182-MS01070_TR06,603,20.0,5.0,6.0,11:01:00
0182-MS01070_TR06,40.99948,8.42004,Artificial polymer,J27,B,POS,Land,2022,7,Porto Torres_6,40.9376,8.402183333333333,Sardegna,45.0,0182-MS01070_TR06_604_Lit,0182-MS01070_TR06,604,20.0,5.0,6.0,11:15:00
0182-MS01070_TR06,40.98893,8.41963,Artificial polymer,J257,C,POS,Land,2022,7,Porto Torres_6,40.9376,8.402183333333333,Sardegna,45.0,0182-MS01070_TR06_605_Lit,0182-MS01070_TR06,605,20.0,5.0,6.0,11:21:00
0182-MS01070_TR06,40.98081,8.41921,Artificial polymer,J257,C,POS,Land,2022,7,Porto Torres_6,40.9376,8.402183333333333,Sardegna,45.0,0182-MS01070_TR06_606_Lit,0182-MS01070_TR06,606,20.0,5.0,6.0,11:26:00
0182-MS01070_TR06,40.9792,8.41873,Natural matter,,,POS,Sea,2022,7,Porto Torres_6,40.9376,8.402183333333333,Sardegna,45.0,0182-MS01070_TR06_607_Lit,0182-MS01070_TR06,607,20.0,5.0,6.0,11:27:00
0182-MS01070_TR06,40.97611,8.4181,Natural matter,,,POS,Sea,2022,7,Porto Torres_6,40.9376,8.402183333333333,Sardegna,45.0,0182-MS01070_TR06_608_Lit,0182-MS01070_TR06,608,20.0,5.0,6.0,11:29:00
0182-MS01070_TR06,40.96296,8.41443,Artificial polymer,J9,C,POS,Land,2022,7,Porto Torres_6,40.9376,8.402183333333333,Sardegna,45.0,0182-MS01070_TR06_609_Lit,0182-MS01070_TR06,609,20.0,5.0,6.0,11:36:00
0182-MS01070_TR06,40.95546,8.41298,Paper,J151,D,POS,Land,2022,7,Porto Torres_6,40.9376,8.402183333333333,Sardegna,45.0,0182-MS01070_TR06_610_Lit,0182-MS01070_TR06,610,20.0,5.0,6.0,11:41:00
0182-MS01070_TR06,40.95327,8.41231,Artificial polymer,J227,C,POS,Land,2022,7,Porto Torres_6,40.9376,8.402183333333333,Sardegna,45.0,0182-MS01070_TR06_611_Lit,0182-MS01070_TR06,611,20.0,5.0,6.0,11:42:00
0182-MS01070_TR06,40.92736,8.39703,Natural matter,,,POS,Sea,2022,7,Porto Torres_6,40.9376,8.402183333333333,Sardegna,45.0,0182-MS01070_TR06_612_Lit,0182-MS01070_TR06,612,20.0,5.0,6.0,12:28:00
0182-MS01070_TR06,40.90038,8.39498,Natural matter,,,POS,Sea,2022,7,Porto Torres_6,40.9376,8.402183333333333,Sardegna,45.0,0182-MS01070_TR06_613_Lit,0182-MS01070_TR06,613,20.0,5.0,6.0,12:43:00
0182-MS01070_TR06,40.89975,8.39478,Artificial polymer,J257,C,POS,Land,2022,7,Porto Torres_6,40.9376,8.402183333333333,Sardegna,45.0,0182-MS01070_TR06_614_Lit,0182-MS01070_TR06,614,20.0,5.0,6.0,12:43:00
0182-MS01070_TR06,40.89045,8.39386,Artificial polymer,J257,C,POS,Land,2022,7,Porto Torres_6,40.9376,8.402183333333333,Sardegna,45.0,0182-MS01070_TR06_615_Lit,0182-MS01070_TR06,615,20.0,5.0,6.0,12:48:00
0018-MS00110_TR12,37.98636,9.47733,Artificial polymer,J3,B,NEG,Land,2022,11,Villasimius_12,38.934759,9.5152267,Sardegna,1000.0,0018-MS00110_TR12_328_LIT,0018-MS00110_TR12,328,3.0,5.0,5.5,12:22:00
0018-MS00110_TR12,38.98811,9.47632,Artificial polymer,J3,B,NEG,Land,2022,11,Villasimius_12,38.934759,9.5152267,Sardegna,1000.0,0018-MS00110_TR12_329_LIT,0018-MS00110_TR12,329,3.0,5.0,5.5,12:28:00
0018-MS00110_TR12,38.99002,9.47662,Artificial polymer,J79,C,NEG,Land,2022,11,Villasimius_12,38.934759,9.5152267,Sardegna,1000.0,0018-MS00110_TR12_330_LIT,0018-MS00110_TR12,330,3.0,5.0,5.5,12:29:00
0018-MS00110_TR12,38.99118,9.47734,Natural matter,,,POS,Sea,2022,11,Villasimius_12,38.934759,9.5152267,Sardegna,1000.0,0018-MS00110_TR12_331_LIT,0018-MS00110_TR12,331,3.0,5.0,5.5,12:29:00
0018-MS00110_TR12,38.99212,9.47769,Artificial polymer,J79,C,NEG,Land,2022,11,Villasimius_12,38.934759,9.5152267,Sardegna,1000.0,0018-MS00110_TR12_332_LIT,0018-MS00110_TR12,332,3.0,5.0,5.5,12:30:00
0018-MS00110_TR12,38.9937,9.47802,Artificial polymer,J79,D,POS,Land,2022,11,Villasimius_12,38.934759,9.5152267,Sardegna,1000.0,0018-MS00110_TR12_333_LIT,0018-MS00110_TR12,333,3.0,5.0,5.5,12:31:00
0018-MS00110_TR12,38.99589,9.47995,Natural matter,,B,POS,Sea,2022,11,Villasimius_12,38.934759,9.5152267,Sardegna,1000.0,0018-MS00110_TR12_334_LIT,0018-MS00110_TR12,334,3.0,5.0,5.5,12:32:00
0018-MS00110_TR12,39.01307,9.48668,Artificial polymer,J241,C,NEG,Land,2022,11,Villasimius_12,38.934759,9.5152267,Sardegna,1000.0,0018-MS00110_TR12_335_LIT,0018-MS00110_TR12,335,3.0,5.0,5.5,12:42:00
0018-MS00110_TR12,39.02075,9.48906,Artificial polymer,J241,B,NEG,Land,2022,11,Villasimius_12,38.934759,9.5152267,Sardegna,1000.0,0018-MS00110_TR12_336_LIT,0018-MS00110_TR12,336,3.0,5.0,5.5,12:46:00
0018-MS00110_TR06,39.03973,9.48531,Artificial polymer,J241,C,POS,Land,2022,11,Villasimius_6,39.034544,9.49840278,Sardegna,600.0,0018-MS00110_TR06_337_LIT,0018-MS00110_TR06,337,3.0,5.0,5.5,12:56:00
0004-MS00200_TR12,39.07306,9.24481,Artificial polymer,J79,B,POS,Land,2022,11,Cagliari_12,39.023896,9.24838679,Sardegna,386.0,0004-MS00200_TR12_338_LIT,0004-MS00200_TR12,338,3.0,5.0,7.0,13:30:00
0004-MS00200_TR12,39.07662,9.24309,Natural matter,,D,POS,Sea,2022,11,Cagliari_12,39.023896,9.24838679,Sardegna,386.0,0004-MS00200_TR12_339_LIT,0004-MS00200_TR12,339,3.0,5.0,7.0,13:32:00
0004-MS00200_TR06,39.14962,9.21814,Natural matter,,,POS,Sea,2022,11,Cagliari_6,39.12184,9.22315355,Sardegna,54.0,0004-MS00200_TR06_340_LIT,0004-MS00200_TR06,340,3.0,5.0,7.0,14:02:00
0004-MS00200_TR06,39.15728,9.21639,Artificial polymer,J79,C,POS,Land,2022,11,Cagliari_6,39.12184,9.22315355,Sardegna,54.0,0004-MS00200_TR06_341_LIT,0004-MS00200_TR06,341,3.0,5.0,7.0,14:13:00
0004-MS00200_TR06,39.15728,9.21639,Natural matter,,,POS,Sea,2022,11,Cagliari_6,39.12184,9.22315355,Sardegna,54.0,0004-MS00200_TR06_342_LIT,0004-MS00200_TR06,342,3.0,5.0,7.0,14:13:00
0073-MS00370_TR12,39.95306,9.89764,Artificial polymer,J240,B,POS,Land,2022,11,Arbatax_12,39.9505426,9.94485983,Sardegna,1250.0,0073-MS00370_TR12_T769_LIT,0073-MS00370_TR12,769,25.0,5.0,8.0,11:13:00
0182-MS01070_TR12,40.99777,8.41053,Artificial polymer,J16,G,POS,Land,2022,11,Porto Torres_12,41.03703333333333,8.421433333333333,Sardegna,72.0,0182-MS01070_A683_LIT,0182-MS01070,683,3.0,25.0,6.0,11:34:00
0182-MS01070_TR12,40.97482,8.408,Artificial polymer,J79,D,POS,Land,2022,11,Porto Torres_12,41.03703333333333,8.421433333333333,Sardegna,72.0,0182-MS01070_A684_LIT,0182-MS01070,684,3.0,25.0,6.0,11:48:00
0182-MS01070_TR12,40.96392,8.40689,Artificial polymer,J4,D,POS,Land,2022,11,Porto Torres_12,41.03703333333333,8.421433333333333,Sardegna,72.0,0182-MS01070_A685_LIT,0182-MS01070,685,3.0,25.0,6.0,11:54:00
0192-MS01200_TR12,40.41717,8.12244,Artificial polymer,J18,F,POS,Land,2022,11,Alghero_12,40.41716666666667,8.12245,Sardegna,118.0,0192-MS01200_Aalghero 12Mn_LIT,0192-MS01200,ALGHERO 12Mn,14.0,25.0,6.0,12:15:00
0018-MS00110_TR06,39.084564,9.49067,Artificial polymer,J3,F,POS,Land,2023,2,Villasimius_6,39.034544,9.49840278,Sardegna,600.0,0018-MS00110_TR06_342_Lit,0018-MS00110_TR06,342,2.0,5.0,6.0,13:35:00
0073-MS00370,39.95157,9.93673,Artificial polymer,J31,C,POS,Land,2023,2,,,,,,0073-MS00370_TR12_T772_Lit,0073-MS00370_TR12,772,15.0,5.0,8.0,11:22:41
0073-MS00370,39.95091,9.92707,Artificial polymer,J240,B,POS,Land,2023,2,,,,,,0073-MS00370_TR12_T773_Lit,0073-MS00370_TR12,773,15.0,5.0,8.0,11:26:05
0073-MS00370,39.95112,9.92495,Artificial polymer,J31,B,POS,Land,2023,2,,,,,,0073-MS00370_TR12_T774_Lit,0073-MS00370_TR12,774,15.0,5.0,8.0,11:26:50
0073-MS00370,39.95197,9.87225,Artificial polymer,J240,B,POS,Land,2023,2,,,,,,0073-MS00370_TR12_T775_Lit,0073-MS00370_TR12,775,15.0,5.0,8.0,11:43:13
0073-MS00370,39.95277,9.83208,Natural matter,,C,POS,Sea,2023,2,,,,,,0073-MS00370_TR12_T776_Lit,0073-MS00370_TR12,776,15.0,5.0,8.0,11:53:28
0073-MS00370,39.95285,9.83149,Artificial polymer,J90,B,POS,Land,2023,2,,,,,,0073-MS00370_TR12_T777_Lit,0073-MS00370_TR12,777,15.0,5.0,8.0,11:53:36
0073-MS00370,39.9536,9.76606,Artificial polymer,J240,B,POS,Land,2023,2,,,,,,0073-MS00370_TR06_T778_Lit,0073-MS00370_TR06,778,15.0,5.0,8.0,13:07:47
0073-MS00370,39.9533,9.77509,Artificial polymer,J240,C,POS,Land,2023,2,,,,,,0073-MS00370_TR06_T779_Lit,0073-MS00370_TR06,779,15.0,5.0,8.0,13:05:17
0073-MS00370,39.95261,9.77671,Artificial polymer,J240,B,POS,Land,2023,2,,,,,,0073-MS00370_TR06_T780_Lit,0073-MS00370_TR06,780,15.0,5.0,8.0,13:04:49
0222-MS01380_TR12,39.82013,8.43134,Natural matter,,C,POS,Sea,2023,2,Oristano_12,39.75228,8.34534583,Sardegna,49.0,0222-MS01380_TR12_0157_Lit,0222-MS01380_TR12,157,15.0,5.0,6.0,11:21:00
0222-MS01380_TR12,39.82131,8.43281,Natural matter,,C,POS,Sea,2023,2,Oristano_12,39.75228,8.34534583,Sardegna,49.0,0222-MS01380_TR12_0158_Lit,0222-MS01380_TR12,158,15.0,5.0,6.0,11:22:00
0182-MS01070_TR12,40.97485,8.40357,Artificial polymer,J79,B,POS,Land,2023,2,Porto Torres_12,41.03703333333333,8.421433333333333,Sardegna,72.0,0182-MS01070_A691_Lit,0182-MS01070_TR12,691,14.0,5.0,7.5,11:14:19
0004-MS00200_TR06,39.15634,9.21498,Artificial polymer,J4,B,POS,Land,2023,3,Cagliari_6,39.12184,9.22315355,Sardegna,55.0,0004-MS00200_TR06_347_LIT,0004-MS00200_TR06,347,6.0,5.0,6.0,10:16:00
0004-MS00200_TR06,39.15155,9.21587,,,D,POS,Sea,2023,3,Cagliari_6,39.12184,9.22315355,Sardegna,55.0,0004-MS00200_TR06_348_LIT,0004-MS00200_TR06,348,6.0,5.0,6.0,10:18:00
0004-MS00200_TR12,39.08108,9.23637,Artificial polymer,J30,C,POS,Land,2023,3,Cagliari_12,39.023896,9.24838679,Sardegna,400.0,0004-MS00200_TR12_349_LIT,0004-MS00200_TR12,349,6.0,5.0,7.0,11:32:00
0004-MS00200_TR12,39.0749,9.23801,,,D,POS,Sea,2023,3,Cagliari_12,39.023896,9.24838679,Sardegna,400.0,0004-MS00200_TR12_350_LIT,0004-MS00200_TR12,350,6.0,5.0,7.0,11:35:00
0018-MS00110_TR06,39.04762,9.49987,,,D,POS,Sea,2023,3,Villasimius_6,39.034544,9.49840278,Sardegna,600.0,0018-MS00110_TR06_359_LIT,0018-MS00110_TR06,359,24.0,5.0,6.5,14:21:00
0018-MS00110_TR06,39.05172,9.49955,,,B,POS,Sea,2023,3,Villasimius_6,39.034544,9.49840278,Sardegna,600.0,0018-MS00110_TR06_360_LIT,0018-MS00110_TR06,360,24.0,5.0,6.5,14.23.00
0018-MS00110_TR12,38.93,9.50832,,,C,POS,Land,2023,3,Villasimius_12,38.934759,9.5152267,Sardegna,1000.0,0018-MS00110_TR12_352_LIT,0018-MS00110_TR12,352,24.0,5.0,6.5,13:34:00
0018-MS00110_TR12,38.96952,9.50828,Artificial polymer,J4,D,POS,Land,2023,3,Villasimius_12,38.934759,9.5152267,Sardegna,1000.0,0018-MS00110_TR12_353_LIT,0018-MS00110_TR12,353,24.0,5.0,6.5,13:39:00
0018-MS00110_TR12,39.00678,9.50715,Artificial polymer,J4,D,POS,Land,2023,3,Villasimius_12,38.934759,9.5152267,Sardegna,1000.0,0018-MS00110_TR12_355_LIT,0018-MS00110_TR12,355,24.0,5.0,6.5,13:59:00
0073-MS00370_TR12,39.95029,9.94455,Artificial polymer,J240,C,POS,Land,2023,3,Arbatax_12,39.9505426,9.94485983,Sardegna,1250.0,0073-MS00370_TR12_T781_LIT,0073-MS00370_TR12,781,13.0,5.0,8.0,10:51:00
0073-MS00370_TR12,39.9504,9.94349,Artificial polymer,J240,C,POS,Land,2023,3,Arbatax_12,39.9505426,9.94485983,Sardegna,1250.0,0073-MS00370_TR12_T782_LIT,0073-MS00370_TR12,782,13.0,5.0,8.0,10:53:05
0073-MS00370_TR12,39.95051,9.94195,Artificial polymer,J240,C,POS,Land,2023,3,Arbatax_12,39.9505426,9.94485983,Sardegna,1250.0,0073-MS00370_TR12_T783_LIT,0073-MS00370_TR12,783,13.0,5.0,8.0,10:53:50
0073-MS00370_TR12,39.9507,9.94025,Artificial polymer,J240,B,POS,Land,2023,3,Arbatax_12,39.9505426,9.94485983,Sardegna,1250.0,0073-MS00370_TR12_T784_LIT,0073-MS00370_TR12,784,13.0,5.0,8.0,10:54:11
0073-MS00370_TR12,39.95081,9.93868,Artificial polymer,J240,B,POS,Land,2023,3,Arbatax_12,39.9505426,9.94485983,Sardegna,1250.0,0073-MS00370_TR12_T785_LIT,0073-MS00370_TR12,785,13.0,5.0,8.0,10:54:28
0073-MS00370_TR12,39.95374,9.91649,Artificial polymer,J36,C,NEG,Land,2023,3,Arbatax_12,39.9505426,9.94485983,Sardegna,1250.0,0073-MS00370_TR12_T800_LIT,0073-MS00370_TR12,800,13.0,5.0,8.0,10:57:18
0073-MS00370_TR12,39.95471,9.91005,,,E,POS,Sea,2023,3,Arbatax_12,39.9505426,9.94485983,Sardegna,1250.0,0073-MS00370_TR12_T809_LIT,0073-MS00370_TR12,809,13.0,5.0,8.0,10:59:04
0073-MS00370_TR12,39.95503,9.90747,Artificial polymer,J36,C,POS,Land,2023,3,Arbatax_12,39.9505426,9.94485983,Sardegna,1250.0,0073-MS00370_TR12_T811_LIT,0073-MS00370_TR12,811,13.0,5.0,8.0,10:59:13
0073-MS00370_TR12,39.95524,9.90598,,,C,POS,Sea,2023,3,Arbatax_12,39.9505426,9.94485983,Sardegna,1250.0,0073-MS00370_TR12_T813_LIT,0073-MS00370_TR12,813,13.0,5.0,8.0,10:59:30
0073-MS00370_TR12,39.95571,9.90136,Artificial polymer,J240,C,POS,Land,2023,3,Arbatax_12,39.9505426,9.94485983,Sardegna,1250.0,0073-MS00370_TR12_T817_LIT,0073-MS00370_TR12,817,13.0,5.0,8.0,11:00:28
0073-MS00370_TR12,39.95589,9.90061,Artificial polymer,J240,B,POS,Land,2023,3,Arbatax_12,39.9505426,9.94485983,Sardegna,1250.0,0073-MS00370_TR12_T818_LIT,0073-MS00370_TR12,818,13.0,5.0,8.0,11:00:40
0073-MS00370_TR12,39.956,9.89976,Artificial polymer,J240,B,POS,Land,2023,3,Arbatax_12,39.9505426,9.94485983,Sardegna,1250.0,0073-MS00370_TR12_T819_LIT,0073-MS00370_TR12,819,13.0,5.0,8.0,11:00:51
0073-MS00370_TR12,39.95624,9.89447,Artificial polymer,J36,D,POS,Land,2023,3,Arbatax_12,39.9505426,9.94485983,Sardegna,1250.0,0073-MS00370_TR12_T822_LIT,0073-MS00370_TR12,822,13.0,5.0,8.0,11:02:11
0073-MS00370_TR12,39.9556,9.89083,Artificial polymer,J240,B,POS,Land,2023,3,Arbatax_12,39.9505426,9.94485983,Sardegna,1250.0,0073-MS00370_TR12_T825_LIT,0073-MS00370_TR12,825,13.0,5.0,8.0,11:03:32
0073-MS00370_TR06,39.94255,9.81488,Artificial polymer,J240,B,POS,Land,2023,3,Arbatax_06,39.9503424,9.81515391,Sardegna,850.0,0073-MS00370_TR06_T846_LIT,0073-MS00370_TR06,846,13.0,5.0,8.0,12:07:02
0192-MS01200_TR12,40.41619,8.12517,,,G,POS,Sea,2023,3,Alghero_12,40.41716666666667,8.12245,Sardegna,118.0,0192-MS01200_TR12_A710_LIT,0192-MS01200_TR12,710,22.0,25.0,6.0,11:43:00
0192-MS01200_TR12,40.4172,8.12665,Artificial polymer,J79,D,POS,Land,2023,3,Alghero_12,40.41716666666667,8.12245,Sardegna,118.0,0192-MS01200_TR12_A711_LIT,0192-MS01200_TR12,711,22.0,25.0,6.0,11:44:00
0192-MS01200_TR12,40.4183,8.12744,,,H,POS,SEa,2023,3,Alghero_12,40.41716666666667,8.12245,Sardegna,118.0,0192-MS01200_TR12_A712_LIT,0192-MS01200_TR12,712,22.0,25.0,6.0,11:45:00
0192-MS01200_TR12,40.42234,8.13323,Artificial polymer,J21,B,POS,Land,2023,3,Alghero_12,40.41716666666667,8.12245,Sardegna,118.0,0192-MS01200_TR12_A718_LIT,0192-MS01200_TR12,718,22.0,25.0,6.0,11:48:00
0192-MS01200_TR12,40.42452,8.13631,,,G,POS,Sea,2023,3,Alghero_12,40.41716666666667,8.12245,Sardegna,118.0,0192-MS01200_TR12_A720_LIT,0192-MS01200_TR12,720,22.0,25.0,6.0,11:50:00
0192-MS01200_TR12,40.42653,8.13887,Artificial polymer,J31,B,POS,Land,2023,3,Alghero_12,40.41716666666667,8.12245,Sardegna,118.0,0192-MS01200_TR12_A721_LIT,0192-MS01200_TR12,721,22.0,25.0,6.0,11:51:00
0192-MS01200_TR12,40.44495,8.16318,Artificial polymer,J31,B,POS,Land,2023,3,Alghero_12,40.41716666666667,8.12245,Sardegna,118.0,0192-MS01200_TR12_A725_LIT,0192-MS01200_TR12,725,22.0,25.0,6.0,12:06:00
0192-MS01200_TR12,40.44717,8.1658,Artificial polymer,J79,C,POS,Land,2023,3,Alghero_12,40.41716666666667,8.12245,Sardegna,118.0,0192-MS01200_TR12_A726_LIT,0192-MS01200_TR12,726,22.0,25.0,6.0,12:07:00
0192-MS01200_TR12,40.47402,8.1986,,J177,C,POS,Sea,2023,3,Alghero_12,40.41716666666667,8.12245,Sardegna,118.0,0192-MS01200_TR12_A729_LIT,0192-MS01200_TR12,729,22.0,25.0,6.0,12:27:00
0192-MS01200_TR06,40.47707,8.2021,,J244,C,POS,Sea,2023,3,Alghero_6,40.486933,8.21605,Sardegna,98.0,0192-MS01200_TR06_A731_LIT,0192-MS01200_TR06,731,22.0,25.0,6.0,12:29:00
0192-MS01200_TR06,40.49448,8.22277,Artificial polymer,J79,B,POS,Land,2023,3,Alghero_6,40.486933,8.21605,Sardegna,98.0,0192-MS01200_TR06_A732_LIT,0192-MS01200_TR06,732,22.0,25.0,6.0,12:42:00
0192-MS01200_TR06,40.50679,8.24082,Artificial polymer,J79,B,POS,Land,2023,3,Alghero_6,40.486933,8.21605,Sardegna,98.0,0192-MS01200_TR06_A734_LIT,0192-MS01200_TR06,734,22.0,25.0,6.0,12:52:00
0192-MS01200_TR06,40.50728,8.24132,Artificial polymer,J79,B,POS,Land,2023,3,Alghero_6,40.486933,8.21605,Sardegna,98.0,0192-MS01200_TR06_A735_LIT,0192-MS01200_TR06,735,22.0,25.0,6.0,12:52:00
0182-MS01070_TR12,41.01945,8.4188,Artificial polymer,J79,D,POS,Land,2023,3,Porto Torres_12,41.03703333333333,8.421433333333333,Sardegna,74.0,0182-MS01070_TR12_A744_LIT,0182-MS01070_TR12,744,23.0,25.0,6.0,12:26:00
0182-MS01070_TR12,40.92443,8.40163,Artificial polymer,J79,F,POS,Land,2023,3,Porto Torres_12,41.03703333333333,8.421433333333333,Sardegna,74.0,0182-MS01070_TR12_A772_LIT,0182-MS01070_TR12,772,23.0,25.0,6.0,13:22:00
0182-MS01070_TR12,40.91903,8.40046,,,E,POS,Sea,2023,3,Porto Torres_12,41.03703333333333,8.421433333333333,Sardegna,74.0,0182-MS01070_TR12_A773_LIT,0182-MS01070_TR12,773,23.0,25.0,6.0,13:25:00
0222-MS01380_TR12,39.79918,8.40339,,,,,Sea,2023,3,Oristano_12,39.75228,8.345346,Sardegna,49.0,0222-MS01380_TR12_0162_LIT,0222-MS01380_TR12,162,24.0,25.0,6.0,11:21:00
0018-MS00110_TR12,38.9723,9.50899,Artificial polymer,J79,B,POS,Land,2023,5,Villasimius_12,38.934759,9.5152267,Sardegna,1000.0,0018-MS00110_TR12_352_LIT,0018-MS00110_TR12,352,4.0,50.0,5.8,12:19:00
0004-MS00200_TR06,39.13163,9.22998,Artificial polymer,J79,B,POS,Land,2023,5,Cagliari_6,39.12184,9.22315355,Sardegna,55.0,0004-MS00200_TR06_380_LIT,0004-MS00200_TR06,380,18.0,50.0,6.5,12:33:00
0004-MS00200_TR06,39.13284,9.22958,Artificial polymer,J79,C,POS,Land,2023,5,Cagliari_6,39.12184,9.22315355,Sardegna,55.0,0004-MS00200_TR06_381_LIT,0004-MS00200_TR06,381,18.0,50.0,6.5,12:34:00
0004-MS00200_TR06,39.14746,9.22269,Natural matter,,C,POS,Sea,2023,5,Cagliari_6,39.12184,9.22315355,Sardegna,55.0,0004-MS00200_TR06_382_LIT,0004-MS00200_TR06,382,18.0,50.0,6.5,12:42:00
0004-MS00200_TR06,39.15316,9.22051,Natural matter,,C,POS,Sea,2023,5,Cagliari_6,39.12184,9.22315355,Sardegna,55.0,0004-MS00200_TR06_383_LIT,0004-MS00200_TR06,383,18.0,50.0,6.5,12:44:00
0004-MS00200_TR06,39.15575,9.21985,Artificial polymer,J79,B,POS,Land,2023,5,Cagliari_6,39.12184,9.22315355,Sardegna,55.0,0004-MS00200_TR06_384_LIT,0004-MS00200_TR06,384,18.0,50.0,6.5,12:46:00
0004-MS00200_TR06,39.15575,9.21985,Artificial polymer,J79,B,POS,Land,2023,5,Cagliari_6,39.12184,9.22315355,Sardegna,55.0,0004-MS00200_TR06_384_LIT,0004-MS00200_TR06,384,18.0,50.0,6.5,12:46:00
0004-MS00200_TR12,39.04517,9.24686,Artificial polymer,J79,B,POS,Land,2023,5,Cagliari_12,39.023896,9.24838679,Sardegna,400.0,0004-MS00200_TR12_371_LIT,0004-MS00200_TR12,371,18.0,50.0,6.5,10:45:00
0004-MS00200_TR12,39.06959,9.23957,Artificial polymer,J16,F,POS,Land,2023,5,Cagliari_12,39.023896,9.24838679,Sardegna,400.0,0004-MS00200_TR12_373_LIT,0004-MS00200_TR12,373,18.0,50.0,6.5,11:07:00
0004-MS00200_TR12,39.07478,9.23847,Artificial polymer,J30,D,POS,Land,2023,5,Cagliari_12,39.023896,9.24838679,Sardegna,400.0,0004-MS00200_TR12_375_LIT,0004-MS00200_TR12,375,18.0,50.0,6.5,11:10:00
0004-MS00200_TR12,39.07573,9.2382,Artificial polymer,J8,C,POS,Land,2023,5,Cagliari_12,39.023896,9.24838679,Sardegna,400.0,0004-MS00200_TR12_376_LIT,0004-MS00200_TR12,376,18.0,50.0,6.5,11:10:00
0004-MS00200_TR12,39.07573,9.2382,Artificial polymer,J245,C,POS,Land,2023,5,Cagliari_12,39.023896,9.24838679,Sardegna,400.0,0004-MS00200_TR12_376_LIT,0004-MS00200_TR12,376,18.0,50.0,6.5,11:10:00
0004-MS00200_TR12,39.23489,9.23489,Natural matter,,B,POS,Sea,2023,5,Cagliari_12,39.023896,9.24838679,Sardegna,400.0,0004-MS00200_TR12_377_LIT,0004-MS00200_TR12,377,18.0,50.0,6.5,11:17:00
0004-MS00200_TR12,39.09816,9.23275,Natural matter,,D,POS,Sea,2023,5,Cagliari_12,39.023896,9.24838679,Sardegna,400.0,0004-MS00200_TR12_378_LIT,0004-MS00200_TR12,378,18.0,50.0,6.5,11:21:00
0004-MS00200_TR12,39.10952,9.22999,Natural matter,,B,POS,Sea,2023,5,Cagliari_12,39.023896,9.24838679,Sardegna,400.0,0004-MS00200_TR12_379_LIT,0004-MS00200_TR12,379,18.0,50.0,6.5,11:27:00
0073-MS00370_TR12,39.95084,9.92956,Natural matter,,D,POS,Land,2023,5,Arbatax_12,39.9505426,9.94485983,Sardegna,1250.0,0073-MS00370_TR12_T912_LIT,0073-MS00370_TR12,912,23.0,50.0,8.0,11:37:21
0073-MS00370_TR12,39.95113,9.92107,Artificial polymer,J4,F,POS,Land,2023,5,Arbatax_12,39.9505426,9.94485983,Sardegna,1250.0,0073-MS00370_TR12_T920_LIT,0073-MS00370_TR12,920,23.0,50.0,8.0,11:39:47
0073-MS00370_TR12,39.95094,9.8969,Artificial polymer,J240,B,POS,Land,2023,5,Arbatax_12,39.9505426,9.94485983,Sardegna,1250.0,0073-MS00370_TR12_T930_LIT,0073-MS00370_TR12,930,23.0,50.0,8.0,11:46:37
0073-MS00370_TR12,39.95082,9.89534,Natural matter,,D,POS,Land,2023,5,Arbatax_12,39.9505426,9.94485983,Sardegna,1250.0,0073-MS00370_TR12_T931_LIT,0073-MS00370_TR12,931,23.0,50.0,8.0,11:47:04
0073-MS00370_TR12,39.95095,9.88086,Artificial polymer,J225,D,POS,Land,2023,5,Arbatax_12,39.9505426,9.94485983,Sardegna,1250.0,0073-MS00370_TR12_T936_LIT,0073-MS00370_TR12,936,23.0,50.0,8.0,11:51:10
0073-MS00370_TR12,39.95061,9.8757,Artificial polymer,,C,POS,Land,2023,5,Arbatax_12,39.9505426,9.94485983,Sardegna,1250.0,0073-MS00370_TR12_T937_LIT,0073-MS00370_TR12,937,23.0,50.0,8.0,11:52:37
0073-MS00370_TR12,39.95068,9.87436,Natural matter,,G,POS,Land,2023,5,Arbatax_12,39.9505426,9.94485983,Sardegna,1250.0,0073-MS00370_TR12_T938_LIT,0073-MS00370_TR12,938,23.0,50.0,8.0,11:52:59
0073-MS00370_TR12,39.95106,9.85936,Artificial polymer,J36,C,POS,Land,2023,5,Arbatax_12,39.9505426,9.94485983,Sardegna,1250.0,0073-MS00370_TR12_T939_LIT,0073-MS00370_TR12,939,23.0,50.0,8.0,11:57:09
0073-MS00370_TR12,39.95094,9.85716,Artificial polymer,J4,D,POS,Land,2023,5,Arbatax_12,39.9505426,9.94485983,Sardegna,1250.0,0073-MS00370_TR12_T940_LIT,0073-MS00370_TR12,940,23.0,50.0,8.0,11:57:45
0073-MS00370_TR12,39.95047,9.83667,Artificial polymer,J240,C,POS,Land,2023,5,Arbatax_12,39.9505426,9.94485983,Sardegna,1250.0,0073-MS00370_TR12_T942_LIT,0073-MS00370_TR12,942,23.0,50.0,8.0,12:03:28
0073-MS00370_TR12,39.95033,9.82818,Artificial polymer,J240,B,POS,Land,2023,5,Arbatax_12,39.9505426,9.94485983,Sardegna,1250.0,0073-MS00370_TR12_T943_LIT,0073-MS00370_TR12,943,23.0,50.0,8.0,12:05:49
0073-MS00370_TR06,39.95123,9.80024,Artificial polymer,J240,C,POS,Land,2023,5,Arbatax_06,39.9503424,9.81515391,Sardegna,850.0,0073-MS00370_TR06_T944_LIT,0073-MS00370_TR06,944,23.0,50.0,8.0,13:00:15
0073-MS00370_TR06,39.95063,9.7711,Artificial polymer,J240,C,POS,Land,2023,5,Arbatax_06,39.9503424,9.81515391,Sardegna,850.0,0073-MS00370_TR06_T946_LIT,0073-MS00370_TR06,946,23.0,50.0,8.0,13:08:14
0073-MS00370_TR06,39.95066,9.74935,Natural matter,,H,POS,Land,2023,5,Arbatax_06,39.9503424,9.81515391,Sardegna,850.0,0073-MS00370_TR06_T947_LIT,0073-MS00370_TR06,947,23.0,50.0,8.0,13:14:24
0192-MS01200_TR06,40.44743,8.1751,Artificial polymer,J4,D,POS,Land,2023,6,Alghero_6,40.486933,8.21605,Sardegna,98.0,0192-MS01200_TR06_795_LIT,0192-MS01200_TR06,795,8.0,50.0,8.5,12:49:00
0182-MS01070_TR06,40.9246,8.40039,Artificial polymer,J79,B,POS,Land,2023,5,Porto Torres_6,40.9376,8.402183333333333,Sardegna,45.0,0182-MS01070_TR06_779_LIT,0182-MS01070_TR06,779,24.0,50.0,6.0,10:24:00
0182-MS01070_TR06,41.00225,8.41142,Artificial polymer,J234,G,POS,Land,2023,5,Porto Torres_6,40.9376,8.402183333333333,Sardegna,45.0,0182-MS01070_TR06_783_LIT,0182-MS01070_TR06,783,24.0,50.0,6.0,11:54:00
0129-MS00730_TR12,41.02098,9.75068,Artificial polymer,J18,B,POS,Land,2023,5,Olbia_12,41.055416666666666,9.782383333333334,Sardegna,87.0,0129-MS00730_TR12_786_LIT,0129-MS00730_TR12,786,26.0,50.0,8.0,11:24:00
0129-MS00730_TR12,41.01877,9.74487,Artificial polymer,J4,D,POS,Land,2023,5,Olbia_12,41.055416666666666,9.782383333333334,Sardegna,87.0,0129-MS00730_TR12_787_LIT,0129-MS00730_TR12,787,26.0,50.0,8.0,11:26:00
0129-MS00730_TR06,40.9654,9.63448,Artificial polymer,J7,D,POS,Land,2023,5,Olbia_6,40.99346666666667,9.67835,Sardegna,70.0,0129-MS00730_TR06_790_LIT,0129-MS00730_TR06,890,26.0,50.0,8.0,12:51:00
0222-MS01380_TR12,39.74886,8.34592,Natural matter,,E,POS,Sea,2023,5,Oristano_12,39.75228,8.345346,Sardegna,49.0,0222-MS01380_TR12_0170_LIT,0222-MS01380_TR12,170,29.0,50.0,6.0,10:05:00
0222-MS01380_TR12,39.75787,8.3575,Natural matter,,C,POS,Sea,2023,5,Oristano_12,39.75228,8.345346,Sardegna,49.0,0222-MS01380_TR12_0171_LIT,0222-MS01380_TR12,171,29.0,50.0,6.0,10:10:00
0222-MS01380_TR12,39.77983,8.3834,Natural matter,,D,POS,Sea,2023,5,Oristano_12,39.75228,8.345346,Sardegna,49.0,0222-MS01380_TR12_0173_LIT,0222-MS01380_TR12,173,29.0,50.0,6.0,10:27:00
0222-MS01380_TR12,39.7832,8.38733,Natural matter,,D,POS,Sea,2023,5,Oristano_12,39.75228,8.345346,Sardegna,49.0,0222-MS01380_TR12_0174_LIT,0222-MS01380_TR12,174,29.0,50.0,6.0,10:30:00
0222-MS01380_TR12,39.78506,8.38943,Natural matter,,D,POS,Sea,2023,5,Oristano_12,39.75228,8.345346,Sardegna,49.0,0222-MS01380_TR12_0175_LIT,0222-MS01380_TR12,175,29.0,50.0,6.0,10:32:00
0222-MS01380_TR12,39.78755,8.39235,Natural matter,,D,POS,Sea,2023,5,Oristano_12,39.75228,8.345346,Sardegna,49.0,0222-MS01380_TR12_0176_LIT,0222-MS01380_TR12,176,29.0,50.0,6.0,10:34:00
0222-MS01380_TR06,39.85048,8.47575,Natural matter,,B,POS,Sea,2023,5,Oristano_6,39.825853,8.438477,Sardegna,26.0,0222-MS01380_TR06_0177_LIT,0222-MS01380_TR06,177,29.0,50.0,6.0,11:50:00
0004-MS00200_TR06,39.12184,9.22315355,,,,,,2023,7,Cagliari_6,39.12184,9.22315355,Sardegna,55.0,0004-MS00200_TR06_BEG,0004-MS00200_TR06,,17.0,,,11:50:00
0004-MS00200_TR06,39.15574,9.2141,Artificial polymer,J242,D,POS,Land,2023,7,Cagliari_6,39.12184,9.22315355,Sardegna,55.0,0004-MS00200_TR06_386_LIT,0004-MS00200_TR06,386.0,17.0,5.0,6.9,12:03:00
0004-MS00200_TR06,39.15846,9.21362,Artificial polymer,J4,D,POS,Land,2023,7,Cagliari_6,39.12184,9.22315355,Sardegna,55.0,0004-MS00200_TR06_387_LIT,0004-MS00200_TR06,387.0,17.0,5.0,6.9,12:04:00
0004-MS00200_TR06,39.17156,9.21169,Artificial polymer,J3,,POS,Land,2023,7,Cagliari_6,39.12184,9.22315355,Sardegna,55.0,0004-MS00200_TR06_389_LIT,0004-MS00200_TR06,389.0,17.0,5.0,6.9,12:11:00
0004-MS00200_TR06,39.172453,9.21011347,,,,,,2023,7,Cagliari_6,39.12184,9.22315355,Sardegna,55.0,0004-MS00200_TR06_END,0004-MS00200_TR06,,17.0,,,12:13:00
0018-MS00110_TR06,39.034544,9.49840278,,,,,,2023,7,Villasimius_6,39.034544,9.49840278,Sardegna,600.0,0018-MS00110_TR06_BEG,0018-MS00110_TR06,,19.0,,,14:48:00
0018-MS00110_TR06,39.05476,9.50317,Artificial polymer,J3,C,POS,Land,2023,7,Villasimius_6,39.034544,9.49840278,Sardegna,600.0,0018-MS00110_TR06_390_LIT,0018-MS00110_TR06,390.0,19.0,5.0,6.9,14:53:00
0018-MS00110_TR06,39.05677,9.50276,Artificial polymer,J3,D,NEG,Land,2023,7,Villasimius_6,39.034544,9.49840278,Sardegna,600.0,0018-MS00110_TR06_391_LIT,0018-MS00110_TR06,391.0,19.0,5.0,6.9,14:54:00
0018-MS00110_TR06,39.05857,9.5024,Artificial polymer,J3,E,NEG,Land,2023,7,Villasimius_6,39.034544,9.49840278,Sardegna,600.0,0018-MS00110_TR06_392_LIT,0018-MS00110_TR06,392.0,19.0,5.0,6.9,14:55:00
0018-MS00110_TR06,39.0737,9.49758,Artificial polymer,J30,C,NEG,Land,2023,7,Villasimius_6,39.034544,9.49840278,Sardegna,600.0,0018-MS00110_TR06_393_LIT,0018-MS00110_TR06,393.0,19.0,5.0,6.9,15:02:00
0018-MS00110_TR06,39.0737,9.49758,Artificial polymer,J3,,NEG,Land,2023,7,Villasimius_6,39.034544,9.49840278,Sardegna,600.0,0018-MS00110_TR06_393_LIT,0018-MS00110_TR06,393.0,19.0,5.0,6.9,15:02:00
0018-MS00110_TR06,39.084264,9.49067,,,,,,2023,7,Villasimius_6,39.034544,9.49840278,Sardegna,600.0,0018-MS00110_TR06_END,0018-MS00110_TR06,,19.0,,,15:17:00
0222-MS01380_TR06,39.75228,8.345346,,,,,,2023,7,Oristano 6 Mn,39.825853,8.43847654,Sardegna,26.0,0222-MS01380_TR06_BEG,0222-MS01380_TR06,,19.0,,,10:00:00
0222-MS01380_TR06,39.856686,8.48485,,,,,,2023,7,Oristano 6 Mn,39.825853,8.43847654,Sardegna,26.0,0222-MS01380_TR06_END,0222-MS01380_TR06,,19.0,,,11:55:00
0073-MS00370_TR12,39.950542,9.944859,,,,,,2023,7,Arbatax_12,39.9505426,9.94485983,Sardegna,1250.0,0073-MS00370_TR12_BEG,0073-MS00370_TR12,,6.0,,,12:00:00
0073-MS00370_TR12,39.96369,9.92942,Artificial polymer,J240,D,POS,Land,2023,7,Arbatax_12,39.9505426,9.94485983,Sardegna,1250.0,0073-MS00370_TR12_T947_LIT,0073-MS00370_TR12,947.0,6.0,50.0,8.0,12:00:58
0073-MS00370_TR12,39.96093,9.89602,Food waste,J215,D,POS,Land,2023,7,Arbatax_12,39.9505426,9.94485983,Sardegna,1250.0,0073-MS00370_TR12_T948_LIT,0073-MS00370_TR12,948.0,6.0,50.0,8.0,12:12:33
0073-MS00370_TR12,39.96056,9.88615,Artificial polymer,J82,B,POS,Land,2023,7,Arbatax_12,39.9505426,9.94485983,Sardegna,1250.0,0073-MS00370_TR12_T949_LIT,0073-MS00370_TR12,949.0,6.0,50.0,8.0,12:15:33
0073-MS00370_TR12,39.95633,9.8539,Artificial polymer,J31,B,POS,Land,2023,7,Arbatax_12,39.9505426,9.94485983,Sardegna,1250.0,0073-MS00370_TR12_T950_LIT,0073-MS00370_TR12,950.0,6.0,50.0,8.0,12:27:36
0073-MS00370_TR12,39.95633,9.8539,Artificial polymer, J4,D,POS,Land,2023,7,Arbatax_12,39.9505426,9.94485983,Sardegna,1250.0,0073-MS00370_TR12_T950_LIT,0073-MS00370_TR12,950.0,6.0,50.0,8.0,12:27:36
0073-MS00370_TR12,39.95386,9.8395,Artificial polymer,J240,C,POS,Land,2023,7,Arbatax_12,39.9505426,9.94485983,Sardegna,1250.0,0073-MS00370_TR12_T951_LIT,0073-MS00370_TR12,951.0,6.0,50.0,8.0,12:32:41
0073-MS00370_TR12,39.95288,9.83302,Artificial polymer,J4,F,POS,Land,2023,7,Arbatax_12,39.9505426,9.94485983,Sardegna,1250.0,0073-MS00370_TR12_T952_LIT,0073-MS00370_TR12,952.0,6.0,50.0,8.0,12:34:58
0073-MS00370_TR12,39.95034,9.81515,,,,,,2023,7,Arbatax_12,39.9505426,9.94485983,Sardegna,1250.0,0073-MS00370_TR12_END,0073-MS00370_TR12,,6.0,,,12:40:00
0182-MS01070_TR12,41.04747,8.43566,,,,,,2023,8,Porto Torres_12,41.03703333333333,8.421433333333333,Sardegna,74.0,0182-MS01070_TR12_BEG,0182-MS01070,,3.0,,,10:25:00
0182-MS01070_TR12,41.04747,8.43566,Artificial polymer,J67,F,POS,,2023,8,Porto Torres_12,41.03703333333333,8.421433333333333,Sardegna,74.0,0182-MS01070_TR12_A802_LIT,0182-MS01070,802.0,3.0,25.0,7.0,10:25:00
0182-MS01070_TR12,41.01096,8.42413,,,,,,2023,8,Porto Torres_12,41.03703333333333,8.421433333333333,Sardegna,74.0,0182-MS01070_TR12_A803_END,0182-MS01070,803.0,3.0,,,10:43:00
0192-MS01200_TR12,40.417167,8.12245,,,,,,2023,8,Alghero_12,40.41716666666667,8.12245,Sardegna,118.0,0192-MS01200_TR12_BEG,0192-MS01200,,3.0,,,12:10:00
0192-MS01200_TR12,40.423499,8.132347,Artificial polymer,J79,D,POS,,2023,8,Alghero_12,40.41716666666667,8.12245,Sardegna,118.0,0192-MS01200_TR12_A001_LIT,0192-MS01200,1.0,3.0,25.0,6.0,12:18:00
0192-MS01200_TR12,40.484254,8.223596,,,,,,2023,8,Alghero_12,40.41716666666667,8.12245,Sardegna,118.0,0192-MS01200_TR12_A006_END,0192-MS01201,6.0,3.0,,,13:09:00
0129-MS00730_TR12,41.042559,9.787004,,,,,,2023,8,Olbia_12,41.05542,9.78239,Sardegna,87.0,0129-MS00730_TR12_A011_BEG,0129-MS00730,11.0,10.0,,,11:14:00
0129-MS00730_TR12,41.040218,9.782236,Artificial polymer,J79,D,POS,,2023,8,Olbia_12,41.05542,9.78239,Sardegna,87.0,0129-MS00730_TR12_A012_LIT,0129-MS00730,12.0,10.0,25.0,8.0,11:19:00
0129-MS00730_TR12,41.031579,9.763241,Artificial polymer,J79,D,POS,,2023,8,Olbia_12,41.05542,9.78239,Sardegna,87.0,0129-MS00730_TR12_A014_LIT,0129-MS00730,14.0,10.0,25.0,8.0,11:26:00
0129-MS00730_TR12,41.031359,9.762768,Artificial polymer,J227,D,POS,,2023,8,Olbia_12,41.05542,9.78239,Sardegna,87.0,0129-MS00730_TR12_A015_LIT,0129-MS00730,15.0,10.0,25.0,8.0,11:26:00
0129-MS00730_TR12,41.021949,9.741506,Artificial polymer,J79,D,POS,,2023,8,Olbia_12,41.05542,9.78239,Sardegna,87.0,0129-MS00730_TR12_A017_LIT,0129-MS00730,17.0,10.0,25.0,8.0,11:33:00
0129-MS00730_TR12,41.009052,9.712838,Artificial polymer,J8,D,POS,,2023,8,Olbia_12,41.05542,9.78239,Sardegna,87.0,0129-MS00730_TR12_A018_LIT,0129-MS00730,18.0,10.0,25.0,8.0,11:43:00
0129-MS00730_TR12,40.994619,9.680816,Artificial polymer,J27,B,POS,,2023,8,Olbia_12,41.05542,9.78239,Sardegna,87.0,0129-MS00730_TR12_A020_LIT,0129-MS00730,20.0,10.0,25.0,8.0,11:53:00
0129-MS00730_TR12,40.993898,9.679324,,,,,,2023,8,Olbia_12,41.05542,9.78239,Sardegna,87.0,0129-MS00730_TR12_A021_END,0129-MS00730,21.0,10.0,,,11:53:00
0004-MS00200_TR06,39.12704,9.2271,,,,,,2023,9,Cagliari_6,39.12184,9.22315355,Sardegna,54.0,0004-MS00200_TR06_412_BEG,0004-MS00200_TR06,412,7.0,,,13:13:00
0004-MS00200_TR06,39.12704,9.2271,Artificial polymer,J3,E,POS,Land,2023,9,Cagliari_6,39.12184,9.22315355,Sardegna,54.0,0004-MS00200_TR06_412_LIT,0004-MS00200_TR06,412,7.0,5.0,6.0,13:13:00
0004-MS00200_TR06,39.14065,9.22432,Artificial polymer,J3,C,POS,Land,2023,9,Cagliari_6,39.12184,9.22315355,Sardegna,54.0,0004-MS00200_TR06_414_LIT,0004-MS00200_TR06,414,7.0,5.0,6.0,13:21:00
0004-MS00200_TR06,39.14358,9.22319,Artificial polymer,J3,C,POS,Land,2023,9,Cagliari_6,39.12184,9.22315355,Sardegna,54.0,0004-MS00200_TR06_415_LIT,0004-MS00200_TR06,415,7.0,5.0,6.0,13:23:00
0004-MS00200_TR06,39.15718,9.21857,Metal,J194,E,POS,Land,2023,9,Cagliari_6,39.12184,9.22315355,Sardegna,54.0,0004-MS00200_TR06_416_LIT,0004-MS00200_TR06,416,7.0,5.0,6.0,13:31:00
0004-MS00200_TR06,39.174,9.21138,,,,,,2023,9,Cagliari_6,39.12184,9.22315355,Sardegna,54.0,0004-MS00200_TR06_418_END,0004-MS00200_TR06,418,7.0,,,13:41:00
0004-MS00200_TR12,39.02367,9.25742,,,,,,2023,9,Cagliari_12,39.023896,9.24838679,Sardegna,400.0,0004-MS00200_TR12_397_BEG,0004-MS00200_TR12,397,7.0,,,11:42:00
0004-MS00200_TR12,39.02937,9.256,Artificial polymer,J3,B,POS,Land,2023,9,Cagliari_12,39.023896,9.24838679,Sardegna,400.0,0004-MS00200_TR12_398_LIT,0004-MS00200_TR12,398,7.0,5.0,6.0,11:47:00
0004-MS00200_TR12,39.05709,9.24771,,,,,,2023,9,Cagliari_12,39.023896,9.24838679,Sardegna,400.0,0004-MS00200_TR12_405_LIT,0004-MS00200_TR12,405,7.0,,,12:09:00
0004-MS00200_TR12,39.06186,9.24479,,,,,,2023,9,Cagliari_12,39.023896,9.24838679,Sardegna,400.0,0004-MS00200_TR12_406_LIT,0004-MS00200_TR12,406,7.0,,,12:19:00
0004-MS00200_TR12,39.0875,9.23898,Artificial polymer,J3,B,POS,Land,2023,9,Cagliari_12,39.023896,9.24838679,Sardegna,400.0,0004-MS00200_TR12_410_LIT,0004-MS00200_TR12,410,7.0,5.0,6.0,12:34:00
0004-MS00200_TR12,39.12388,9.22393,,,,,,2023,9,Cagliari_12,39.023896,9.24838679,Sardegna,400.0,0004-MS00200_TR12_411_END,0004-MS00200_TR12,411,7.0,,,12:58:00
0018-MS00110_TR06,39.03323,9.49518,,,,,,2023,9,Villasimius_6,39.034544,9.49840278,Sardegna,600.0,0018-MS00110_TR06_436_BEG,0018-MS00110_TR06,436,11.0,,,13:21:00
0018-MS00110_TR06,39.05681,9.49427,Artificial polymer,J3,E,POS,Land,2023,9,Villasimius_6,39.034544,9.49840278,Sardegna,600.0,0018-MS00110_TR06_438_LIT,0018-MS00110_TR06,438,11.0,5.0,6.0,13:35:00
0018-MS00110_TR06,39.0707,9.493,Artificial polymer,J3,D,POS,Land,2023,9,Villasimius_6,39.034544,9.49840278,Sardegna,600.0,0018-MS00110_TR06_439_LIT,0018-MS00110_TR06,439,11.0,5.0,6.0,13:43:00
0018-MS00110_TR06,39.08478,9.49341,,,,,,2023,9,Villasimius_6,39.034544,9.49840278,Sardegna,600.0,0018-MS00110_TR06_440_END,0018-MS00110_TR06,440,11.0,,,13:52:00
0018-MS00110_TR12,38.92334,9.52051,,,,,,2023,9,Villasimius_12,38.934759,9.5152267,Sardegna,1000.0,0018-MS00110_TR12_419_BEG,0018-MS00110_TR12,419,11.0,,,11:29:00
0018-MS00110_TR12,38.96489,9.50953,Artificial polymer,J3,B,POS,Land,2023,9,Villasimius_12,38.934759,9.5152267,Sardegna,1000.0,0018-MS00110_TR12_420_LIT,0018-MS00110_TR12,420,11.0,5.0,6.0,11:52:00
0018-MS00110_TR12,39.96611,9.50941,Artificial polymer,J3,B,POS,Land,2023,9,Villasimius_12,38.934759,9.5152267,Sardegna,1000.0,0018-MS00110_TR12_421_LIT,0018-MS00110_TR12,421,11.0,5.0,6.0,11:53:00
0018-MS00110_TR12,38.96882,9.50874,Artificial polymer,J233,D,POS,Sea,2023,9,Villasimius_12,38.934759,9.5152267,Sardegna,1000.0,0018-MS00110_TR12_422_LIT,0018-MS00110_TR12,422,11.0,5.0,6.0,11:54:00
0018-MS00110_TR12,38.97327,9.50821,Artificial polymer,J3,D,POS,Land,2023,9,Villasimius_12,38.934759,9.5152267,Sardegna,1000.0,0018-MS00110_TR12_424_LIT,0018-MS00110_TR12,424,11.0,5.0,6.0,11:57:00
0018-MS00110_TR12,38.97857,9.50724,Artificial polymer,J3,B,POS,Land,2023,9,Villasimius_12,38.934759,9.5152267,Sardegna,1000.0,0018-MS00110_TR12_425_LIT,0018-MS00110_TR12,425,11.0,5.0,6.0,11:59:00
0018-MS00110_TR12,38.9861,9.50681,Artificial polymer,J3,B,POS,Land,2023,9,Villasimius_12,38.934759,9.5152267,Sardegna,1000.0,0018-MS00110_TR12_427_LIT,0018-MS00110_TR12,427,11.0,5.0,6.0,12:03:00
0018-MS00110_TR12,38.98987,9.50742,Artificial polymer,J3,B,POS,Land,2023,9,Villasimius_12,38.934759,9.5152267,Sardegna,1000.0,0018-MS00110_TR12_428_LIT,0018-MS00110_TR12,428,11.0,5.0,6.0,12:05:00
0018-MS00110_TR12,39.0001,9.50578,Artificial polymer,J3,D,POS,Land,2023,9,Villasimius_12,38.934759,9.5152267,Sardegna,1000.0,0018-MS00110_TR12_429_LIT,0018-MS00110_TR12,429,11.0,5.0,6.0,12:10:00
0018-MS00110_TR12,39.00115,9.50567,Artificial polymer,J24,B,POS,Land,2023,9,Villasimius_12,38.934759,9.5152267,Sardegna,1000.0,0018-MS00110_TR12_430_LIT,0018-MS00110_TR12,430,11.0,5.0,6.0,12:11:00
0018-MS00110_TR12,39.00565,9.50454,Artificial polymer,J3,D,POS,Land,2023,9,Villasimius_12,38.934759,9.5152267,Sardegna,1000.0,0018-MS00110_TR12_431_LIT,0018-MS00110_TR12,431,11.0,5.0,6.0,12:13:00
0018-MS00110_TR12,39.03621,9.49957,,,,,,2023,9,Villasimius_12,38.934759,9.5152267,Sardegna,1000.0,0018-MS00110_TR12_435_END,0018-MS00110_TR12,435,11.0,,,12:37:00
0192-MS01200_TR12,40.413119,8.12472,,,,,,2023,9,Alghero_12,40.4171666666667,8.12245,Sardegna,118.0,0192-MS01200_TR12_23_BEG,0192-MS01200_TR12,23,4.0,25.0,7.0,12:17:00
0192-MS01200_TR12,40.41397,8.125834,Artificial polymer,J27,B,POS,,2023,9,Alghero_12,40.4171666666667,8.12245,Sardegna,118.0,0192-MS01200_TR12_24_LIT,0192-MS01200_TR12,24,4.0,25.0,7.0,12:19:00
0192-MS01200_TR12,40.414467,8.125859,Artificial polymer,J79,B,POS,,2023,9,Alghero_12,40.4171666666667,8.12245,Sardegna,118.0,0192-MS01200_TR12_25_LIT,0192-MS01200_TR12,25,4.0,25.0,7.0,12:19:00
0192-MS01200_TR12,40.414895,8.125686,Artificial polymer,J79,C,POS,,2023,9,Alghero_12,40.4171666666667,8.12245,Sardegna,118.0,0192-MS01200_TR12_26_LIT,0192-MS01200_TR12,26,4.0,25.0,7.0,12:20:00
0192-MS01200_TR12,40.416511,8.127771,Artificial polymer,J59,C,POS,,2023,9,Alghero_12,40.4171666666667,8.12245,Sardegna,118.0,0192-MS01200_TR12_27_LIT,0192-MS01200_TR12,27,4.0,25.0,7.0,12:21:00
0192-MS01200_TR12,40.418197,8.129593,Artificial polymer,J79,C,POS,,2023,9,Alghero_12,40.4171666666667,8.12245,Sardegna,118.0,0192-MS01200_TR12_28_LIT,0192-MS01200_TR12,28,4.0,25.0,7.0,12:22:00
0192-MS01200_TR12,40.443218,8.158873,Artificial polymer,,F,POS,,2023,9,Alghero_12,40.4171666666667,8.12245,Sardegna,118.0,0192-MS01200_TR12_29_LIT,0192-MS01200_TR12,29,4.0,25.0,7.0,12:38:00
0192-MS01200_TR12,40.44348,8.15936,Artificial polymer,J59,D,POS,,2023,9,Alghero_12,40.4171666666667,8.12245,Sardegna,118.0,0192-MS01200_TR12_30_LIT,0192-MS01200_TR12,30,4.0,25.0,7.0,12:38:00
0192-MS01200_TR12,40.444312,8.160604,Artificial polymer,J21,B,POS,,2023,9,Alghero_12,40.4171666666667,8.12245,Sardegna,118.0,0192-MS01200_TR12_31_LIT,0192-MS01200_TR12,31,4.0,25.0,7.0,12:39:00
0192-MS01200_TR12,40.444841,8.161191,Artificial polymer,J79,C,POS,,2023,9,Alghero_12,40.4171666666667,8.12245,Sardegna,118.0,0192-MS01200_TR12_32_LIT,0192-MS01200_TR12,32,4.0,25.0,7.0,12:39:00
0192-MS01200_TR12,40.460863,8.179346,Artificial polymer,J79,C,POS,,2023,9,Alghero_12,40.4171666666667,8.12245,Sardegna,118.0,0192-MS01200_TR12_33_LIT,0192-MS01200_TR12,33,4.0,25.0,7.0,12:49:00
0192-MS01200_TR12,40.469704,8.190642,Artificial polymer,J79,C,POS,,2023,9,Alghero_12,40.4171666666667,8.12245,Sardegna,118.0,0192-MS01200_TR12_34_LIT,0192-MS01200_TR12,34,4.0,25.0,7.0,12:55:00
0192-MS01200_TR06,40.514788,8.243408,Artificial polymer,J59,C,POS,,2023,9,Alghero_6,40.486933,8.21605,Sardegna,98.0,0192-MS01200_TR06_36_LIT,0192-MS01200_TR06,36,4.0,25.0,7.0,13:24:00
0192-MS01200_TR06,40.523561,8.261408,,,,,,2023,9,Alghero_6,40.486933,8.21605,Sardegna,98.0,0192-MS01200_TR06_37_END,0192-MS01200_TR06,37,4.0,25.0,7.0,13:32:00
0182-MS01070_TR12,40.863497,8.386308,,,,,,2023,9,Porto Torres_12,41.03703333333333,8.421433333333333,Sardegna,74.0,0182-MS01070_TR12_38_BEG,0182-MS01070_TR12,38,11.0,25.0,6.0,11:56:00
0182-MS01070_TR12,41.016784,8.417831,Artificial polymer,J79,B,POS,,2023,9,Porto Torres_12,41.03703333333333,8.421433333333333,Sardegna,74.0,0182-MS01070_TR12_39_LIT,0182-MS01070_TR12,39,11.0,25.0,6.0,12:04:00
0182-MS01070_TR12,41.01027,8.41789,Artificial polymer,J79,B,POS,,2023,9,Porto Torres_12,41.03703333333333,8.421433333333333,Sardegna,74.0,0182-MS01070_TR12_41_LIT,0182-MS01070_TR12,41,11.0,25.0,6.0,12:07:00
0182-MS01070_TR12,41.008027,8.418253,Artificial polymer,J101,B,POS,,2023,9,Porto Torres_12,41.03703333333333,8.421433333333333,Sardegna,74.0,0182-MS01070_TR12_42_LIT,0182-MS01070_TR12,42,11.0,25.0,6.0,12:08:00
0182-MS01070_TR12,40.973551,8.422684,Artificial polymer,J16,F,POS,,2023,9,Porto Torres_12,41.03703333333333,8.421433333333333,Sardegna,74.0,0182-MS01070_TR12_45_LIT,0182-MS01070_TR12,45,11.0,25.0,6.0,12:30:00
0182-MS01070_TR12,40.955006,8.414445,Artificial polymer,J79,B,POS,,2023,9,Porto Torres_12,41.03703333333333,8.421433333333333,Sardegna,74.0,0182-MS01070_TR12_47_LIT,0182-MS01070_TR12,47,11.0,25.0,6.0,12:41:00
0182-MS01070_TR12,40.951046,8.413175,Artificial polymer,J30,C,POS,,2023,9,Porto Torres_12,41.03703333333333,8.421433333333333,Sardegna,74.0,0182-MS01070_TR12_48_LIT,0182-MS01070_TR12,48,11.0,25.0,6.0,12:43:00
0182-MS01070_TR06,40.885019,8.390707,,,,,,2023,9,Porto Torres_6,40.9376,8.402183,Sardegna,45.0,0182-MS01070_TR06_53_LIT,0182-MS01070_TR06,53,11.0,25.0,6.0,13:20:00
0129-MS00730_TR12,41.044705,9.787886,,,,,,2023,9,Olbia_12,41.05542,9.78239,Sardegna,87.0,0129-MS00730_TR12_55_BEG,0129-MS00730_TR12,54,12.0,25.0,8.0,11:51:00
0129-MS00730_TR12,41.037514,9.776855,Artificial polymer,J31,B,POS,,2023,9,Olbia_12,41.05542,9.78239,Sardegna,87.0,0129-MS00730_TR12_55_LIT,0129-MS00730_TR12,55,12.0,25.0,8.0,11:57:00
0129-MS00730_TR06,40.966784,9.640632,,,,,,2023,9,Olbia_6,40.99347,9.67836,Sardegna,70.0,0129-MS00730_TR06_63_END,0129-MS00730_TR06,63,12.0,25.0,8.0,12:55:00
0073-MS00370_TR12,39.95996,9.94632,,,,,,2023,9,Arbatax_12,39.9505426,9.94485983,Sardegna,1250.0,0073-MS00370_TR12_T955_LIT,0073-MS00370_TR12,955,12.0,50.0,8.0,12:00:58
0073-MS00370_TR12,39.96037,9.92298,Artificial polymer,J227,C,POS,indetermined,2023,9,Arbatax_12,39.9505426,9.94485983,Sardegna,1250.0,0073-MS00370_TR12_T956_LIT,0073-MS00370_TR12,956,12.0,50.0,8.0,11:01:28
0073-MS00370_TR12,39.96043,9.9195,Artificial polymer,J4,D,POS,indetermined,2023,9,Arbatax_12,39.9505426,9.94485983,Sardegna,1250.0,0073-MS00370_TR12_T957_LIT,0073-MS00370_TR12,957,12.0,50.0,8.0,11:02:39
0073-MS00370_TR12,39.96038,9.91398,Artificial polymer,J240,B,POS,indetermined,2023,9,Arbatax_12,39.9505426,9.94485983,Sardegna,1250.0,0073-MS00370_TR12_T958_LIT,0073-MS00370_TR12,958,12.0,50.0,8.0,11:04:28
0073-MS00370_TR12,39.96041,9.91319,Artificial polymer,J240,B,POS,indetermined,2023,9,Arbatax_12,39.9505426,9.94485983,Sardegna,1250.0,0073-MS00370_TR12_T959_LIT,0073-MS00370_TR12,959,12.0,50.0,8.0,11:04:44
0073-MS00370_TR12,39.95989,9.90559,Artificial polymer,J240,B,POS,indetermined,2023,9,Arbatax_12,39.9505426,9.94485983,Sardegna,1250.0,0073-MS00370_TR12_T960_LIT,0073-MS00370_TR12,960,12.0,50.0,8.0,11:07:15
0073-MS00370_TR12,39.95987,9.89975,Artificial polymer,J240,B,POS,indetermined,2023,9,Arbatax_12,39.9505426,9.94485983,Sardegna,1250.0,0073-MS00370_TR12_T961_LIT,0073-MS00370_TR12,961,12.0,50.0,8.0,11:09:10
0073-MS00370_TR12,39.95736,9.88238,Artificial polymer,J4,D,POS,indetermined,2023,9,Arbatax_12,39.9505426,9.94485983,Sardegna,1250.0,0073-MS00370_TR12_T962_LIT,0073-MS00370_TR12,962,12.0,50.0,8.0,11:14:57
0073-MS00370_TR12,39.95735,9.88201,Processed wood,J171,E,POS,indetermined,2023,9,Arbatax_12,39.9505426,9.94485983,Sardegna,1250.0,0073-MS00370_TR12_T963_LIT,0073-MS00370_TR12,963,12.0,50.0,8.0,11:15:04
0073-MS00370_TR12,39.95735,9.87054,Artificial polymer,J240,C,POS,indetermined,2023,9,Arbatax_12,39.9505426,9.94485983,Sardegna,1250.0,0073-MS00370_TR12_T964_LIT,0073-MS00370_TR12,964,12.0,50.0,8.0,11:18:45
0073-MS00370_TR12,39.95376,9.84978,Rubber,,C,POS,indetermined,2023,9,Arbatax_12,39.9505426,9.94485983,Sardegna,1250.0,0073-MS00370_TR12_T966_LIT,0073-MS00370_TR12,966,12.0,50.0,8.0,11:25:37
0073-MS00370_TR12,39.95375,9.84966,Artificial polymer,J240,C,POS,indetermined,2023,9,Arbatax_12,39.9505426,9.94485983,Sardegna,1250.0,0073-MS00370_TR12_T967_LIT,0073-MS00370_TR12,967,12.0,50.0,8.0,11:25:39
0073-MS00370_TR12,39.95372,9.84889,Artificial polymer,J21,B,POS,indetermined,2023,9,Arbatax_12,39.9505426,9.94485983,Sardegna,1250.0,0073-MS00370_TR12_T968_LIT,0073-MS00370_TR12,968,12.0,50.0,8.0,11:25:54
0073-MS00370_TR12,39.95073,9.8206,Artificial polymer,J227,C,POS,indetermined,2023,9,Arbatax_12,39.9505426,9.94485983,Sardegna,1250.0,0073-MS00370_TR12_T969_LIT,0073-MS00370_TR12,969,12.0,50.0,8.0,11:34:43
0073-MS00370_TR12,39.94996,9.8172,Artificial polymer,J240,C + C,POS,indetermined,2023,9,Arbatax_12,39.9505426,9.94485983,Sardegna,1250.0,0073-MS00370_TR12_T970_LIT,0073-MS00370_TR12,970,12.0,50.0,8.0,11:35:47
0073-MS00370_TR12,39.94973,9.81441,,,,,,2023,9,Arbatax_12,39.9505426,9.94485983,Sardegna,1250.0,0073-MS00370_TR12_T971_LIT,0073-MS00370_TR12,971,12.0,50.0,8.0,11:36:37
0073-MS00370_TR12,39.956,9.81142,,,,,,2023,9,Arbatax_12,39.9505426,9.94485983,Sardegna,1250.0,0073-MS00370_TR12_T972_LIT,0073-MS00370_TR06,972,12.0,50.0,8.0,12:23:05
0073-MS00370_TR12,39.95403,9.7777,Artificial polymer,J21,B,POS,indetermined,2023,9,Arbatax_12,39.9505426,9.94485983,Sardegna,1250.0,0073-MS00370_TR12_T973_LIT,0073-MS00370_TR06,973,12.0,50.0,8.0,12:32:48
0073-MS00370_TR12,39.9531,9.76536,Artificial polymer,J240,C,POS,indetermined,2023,9,Arbatax_12,39.9505426,9.94485983,Sardegna,1250.0,0073-MS00370_TR12_T974_LIT,0073-MS00370_TR06,974,12.0,50.0,8.0,12:36:18
0073-MS00370_TR12,39.95029,9.7492,,,,,,2023,9,Arbatax_12,39.9505426,9.94485983,Sardegna,1250.0,0073-MS00370_TR12_T975_LIT,0073-MS00370_TR06,975,12.0,50.0,8.0,12:41:08
0073-MS00370_TR12,40.3237,9.93192,,,,,,2023,11,Arbatax_12,39.9505426,9.94485983,Sardegna,1250.0,0073-MS00370_TR12_T975_BEG,0073-MS00370_TR12,975,20.0,50.0,8.0,10:41:55
0073-MS00370_TR12,39.94976,9.92519,Processed wood,J171,D,POS,Land,2023,11,Arbatax_12,39.9505426,9.94485983,Sardegna,1250.0,0073-MS00370_TR12_T976_LIT,0073-MS00370_TR12,976,20.0,50.0,8.0,10:43:03
0073-MS00370_TR12,39.94983,9.90893,Processed wood,J171,C,POS,Land,2023,11,Arbatax_12,39.9505426,9.94485983,Sardegna,1250.0,0073-MS00370_TR12_T977_LIT,0073-MS00370_TR12,977,20.0,50.0,8.0,10:48:11
0073-MS00370_TR12,39.94981,9.90788,Food waste,J215,B,POS,,2023,11,Arbatax_12,39.9505426,9.94485983,Sardegna,1250.0,0073-MS00370_TR12_T978_LIT,0073-MS00370_TR12,978,20.0,50.0,8.0,10:48:30
0073-MS00370_TR12,39.94979,9.9071,Natural matter,-,B,POS,Sea,2023,11,Arbatax_12,39.9505426,9.94485983,Sardegna,1250.0,0073-MS00370_TR12_T979_LIT,0073-MS00370_TR12,979,20.0,50.0,8.0,10:48:45
0073-MS00370_TR12,39.94974,9.8999,Artificial polymer,J27,B,POS,,2023,11,Arbatax_12,39.9505426,9.94485983,Sardegna,1250.0,0073-MS00370_TR12_T980_LIT,0073-MS00370_TR12,980,20.0,50.0,8.0,10:50:54
0073-MS00370_TR12,39.94977,9.89951,Artificial polymer,J240,B,POS,,2023,11,Arbatax_12,39.9505426,9.94485983,Sardegna,1250.0,0073-MS00370_TR12_T981_LIT,0073-MS00370_TR12,981,20.0,50.0,8.0,10:51:01
0073-MS00370_TR12,39.95007,9.89511,Natural matter,-,B,POS,Sea,2023,11,Arbatax_12,39.9505426,9.94485983,Sardegna,1250.0,0073-MS00370_TR12_T982_LIT,0073-MS00370_TR12,982,20.0,50.0,8.0,10:52:19
0073-MS00370_TR12,39.95012,9.8932,Artificial polymer,J240,B,POS,,2023,11,Arbatax_12,39.9505426,9.94485983,Sardegna,1250.0,0073-MS00370_TR12_T983_LIT,0073-MS00370_TR12,983,20.0,50.0,8.0,10:52:53
0073-MS00370_TR12,39.95008,9.85186,Artificial polymer,J240,B,POS,,2023,11,Arbatax_12,39.9505426,9.94485983,Sardegna,1250.0,0073-MS00370_TR12_T984_LIT,0073-MS00370_TR12,984,20.0,50.0,8.0,11:05:09
0073-MS00370_TR12,39.95013,9.81538,,,,,,2023,11,Arbatax_12,39.9505426,9.94485983,Sardegna,1250.0,0073-MS00370_TR12_T985_END,0073-MS00370_TR12,985,20.0,50.0,8.0,11:16:21
0073-MS00370_TR12,39.95713,9.8048,,,,,,2023,11,Arbatax_12,39.9505426,9.94485983,Sardegna,1250.0,0073-MS00370_TR12_T986_BEG,0073-MS00370_TR06,986,20.0,50.0,8.0,12:05:24
0073-MS00370_TR12,39.95361,9.75746,Natural matter,-,B,POS,Land,2023,11,Arbatax_12,39.9505426,9.94485983,Sardegna,1250.0,0073-MS00370_TR12_T987_LIT,0073-MS00370_TR06,987,20.0,50.0,8.0,12:20:21
0073-MS00370_TR12,39.95076,9.74942,,,,,,2023,11,Arbatax_12,39.9505426,9.94485983,Sardegna,1250.0,0073-MS00370_TR12_T988_END,0073-MS00370_TR06,988,20.0,50.0,8.0,12:23:29
0192-MS01200_TR12,40.839694,8.404801,,,,,,2023,12,Alghero_12,40.4171666666667,8.12245,Sardegna,118.0,0192-MS01200_A072_BEG,0192-MS01200_TR12,72,18.0,50.0,7.0,12:19:00
0192-MS01200_TR12,40.413119,8.12472,Artificial polymer,J79,D,POS,,2023,12,Alghero_12,40.4171666666667,8.12245,Sardegna,118.0,0192-MS01200_A073_LIT,0192-MS01200_TR12,73,18.0,50.0,7.0,12:22:00
0192-MS01200_TR12,40.41397,8.125834,Artificial polymer,J79,D,POS,,2023,12,Alghero_12,40.4171666666667,8.12245,Sardegna,118.0,0192-MS01200_A074_LIT,0192-MS01200_TR12,74,18.0,50.0,7.0,12:24:00
0192-MS01200_TR12,40.414467,8.125859,Artificial polymer,J79,C,POS,,2023,12,Alghero_12,40.4171666666667,8.12245,Sardegna,118.0,0192-MS01200_A075_LIT,0192-MS01200_TR12,75,18.0,50.0,7.0,12:35:00
0192-MS01200_TR12,40.414895,8.125686,Artificial polymer,J79,D,POS,,2023,12,Alghero_12,40.4171666666667,8.12245,Sardegna,118.0,0192-MS01200_A076_LIT,0192-MS01200_TR12,76,18.0,50.0,7.0,12:37:00
0192-MS01200_TR12,40.416511,8.127771,Artificial polymer,J79,C,POS,,2023,12,Alghero_12,40.4171666666667,8.12245,Sardegna,118.0,0192-MS01200_A077_LIT,0192-MS01200_TR12,77,18.0,50.0,7.0,12:38:00
0192-MS01200_TR12,40.418197,8.129593,Artificial polymer,J79,B,POS,,2023,12,Alghero_12,40.4171666666667,8.12245,Sardegna,118.0,0192-MS01200_A077_LIT,0192-MS01200_TR12,77,18.0,50.0,7.0,12:38:00
0192-MS01200_TR12,40.443218,8.158873,Artificial polymer,J79,B,POS,,2023,12,Alghero_12,40.4171666666667,8.12245,Sardegna,118.0,0192-MS01200_A078_LIT,0192-MS01200_TR12,78,18.0,50.0,7.0,12:39:00
0192-MS01200_TR12,40.44348,8.15936,Artificial polymer,J79,C,POS,,2023,12,Alghero_12,40.4171666666667,8.12245,Sardegna,118.0,0192-MS01200_A079_LIT,0192-MS01200_TR12,79,18.0,50.0,7.0,12:41:00
0192-MS01200_TR12,40.444312,8.160604,Artificial polymer,J79,B,POS,,2023,12,Alghero_12,40.4171666666667,8.12245,Sardegna,118.0,0192-MS01200_A080_LIT,0192-MS01200_TR12,80,18.0,50.0,7.0,12:51:00
0192-MS01200_TR12,40.444841,8.161191,Artificial polymer,J79,B,POS,,2023,12,Alghero_12,40.4171666666667,8.12245,Sardegna,118.0,0192-MS01200_A081_LIT,0192-MS01200_TR12,81,18.0,50.0,7.0,12:53:00
0192-MS01200_TR12,40.460863,8.179346,Artificial polymer,J79,B,POS,,2023,12,Alghero_12,40.4171666666667,8.12245,Sardegna,118.0,0192-MS01200_A082_LIT,0192-MS01200_TR12,82,18.0,50.0,7.0,12:56:00
0192-MS01200_TR12,40.469704,8.190642,Artificial polymer,J27,B,POS,,2023,12,Alghero_12,40.4171666666667,8.12245,Sardegna,118.0,0192-MS01200_A083_LIT,0192-MS01200_TR12,83,18.0,50.0,7.0,13:05:00
0192-MS01200_TR12,40.482799,8.214356,,,,,,2023,12,Alghero_12,40.4171666666667,8.12245,Sardegna,118.0,0192-MS01200_A084_END,0192-MS01200_TR12,84,18.0,50.0,7.0,13:09:00
0222-MS01380_TR06,39.8296,8.44609,,,,,,2023,11,Oristano_6,39.825853,8.43847654,Sardegna,26.0,0222-MS01380_TR06_0190_BEG,0222-MS01380_TR06,190,20.0,50.0,8.0,11:29:00
0222-MS01380_TR06,39.8296,8.44609,Artificial polymer,J220,C,POS,Land,2023,11,Oristano_6,39.825853,8.43847654,Sardegna,26.0,0222-MS01380_TR06_0190_LIT,0222-MS01380_TR06,190,20.0,50.0,8.0,11:29:00
0222-MS01380_TR06,39.83168,8.44861,Artificial polymer,J220,D,POS,Land,2023,11,Oristano_6,39.825853,8.43847654,Sardegna,26.0,0222-MS01380_TR06_0191_LIT,0222-MS01380_TR06,191,20.0,50.0,8.0,11:30:00
0222-MS01380_TR06,39.83175,8.4487,Clothes/Textile,J140,F,POS,Land,2023,11,Oristano_6,39.825853,8.43847654,Sardegna,26.0,0222-MS01380_TR06_0192_LIT,0222-MS01380_TR06,192,20.0,50.0,8.0,11:30:00
0222-MS01380_TR06,39.8456,8.46804,Artificial polymer,J220,C,POS,Land,2023,11,Oristano_6,39.825853,8.43847654,Sardegna,26.0,0222-MS01380_TR06_0196_LIT,0222-MS01380_TR06,196,20.0,50.0,8.0,11:40:00
0222-MS01380_TR06,39.8489,8.4732,Artificial polymer,J30,C,POS,Land,2023,11,Oristano_6,39.825853,8.43847654,Sardegna,26.0,0222-MS01380_TR06_0197_LIT,0222-MS01380_TR06,197,20.0,50.0,8.0,11:42:00
0222-MS01380_TR06,39.8489,8.4732,,,,,,2023,11,Oristano_6,39.825853,8.43847654,Sardegna,26.0,0222-MS01380_TR06_0197_END,0222-MS01380_TR06,197,20.0,50.0,8.0,11:42:00
0004-MS00200_TR06,39.130716666666665,9.2168,Artificial polymer,Imballaggi,D,POS,T,2018,4,Cagliari_06,39.1235666666667,9.22411666666667,Sardegna,54.0,,,,,,,
"0073-MS00370_TR_0,5",39.95638888888889,9.697222222222223,Artificial polymer,buste,C,NEU,T,2018,4,,,,,,,,,,,,
"0073-MS00370_TR_0,5",39.956944444444446,9.697777777777778,Artificial polymer,buste,C,NEU,T,2018,4,,,,,,,,,,,,
"0073-MS00370_TR_0,5",39.95675,9.69838888888889,Artificial polymer,Imballaggi,C,NEU,T,2018,4,,,,,,,,,,,,
"0073-MS00370_TR_0,5",39.95880555555556,9.698583333333334,Artificial polymer,Imballaggi,D,POS,T,2018,4,,,,,,,,,,,,
"0073-MS00370_TR_0,5",39.959250000000004,9.698805555555555,Artificial polymer,buste,C,NEU,T,2018,4,,,,,,,,,,,,
"0073-MS00370_TR_1,5",39.95444444444445,9.713333333333333,Artificial polymer,buste,C,NEU,T,2018,4,"Arbatax_1,5",39.9519666666667,9.7168,Sardegna,84.0,,,,,,,
"0073-MS00370_TR_1,5",39.955555555555556,9.714722222222221,Artificial polymer,buste,C,NEU,T,2018,4,"Arbatax_1,5",39.9519666666667,9.7168,Sardegna,84.0,,,,,,,
"0073-MS00370_TR_1,5",39.9575,9.715277777777777,Artificial polymer,buste,C,NEU,T,2018,4,"Arbatax_1,5",39.9519666666667,9.7168,Sardegna,84.0,,,,,,,
"0073-MS00370_TR_1,5",39.95788888888889,9.715388888888889,Artificial polymer,buste,C,NEU,T,2018,4,"Arbatax_1,5",39.9519666666667,9.7168,Sardegna,84.0,,,,,,,
"0073-MS00370_TR_1,5",39.96025,9.716305555555556,Artificial polymer,scatole plastica,D,POS,T,2018,4,"Arbatax_1,5",39.9519666666667,9.7168,Sardegna,84.0,,,,,,,
"0073-MS00370_TR_1,5",39.96094444444445,9.71738888888889,Artificial polymer,buste,C,NEU,T,2018,4,"Arbatax_1,5",39.9519666666667,9.7168,Sardegna,84.0,,,,,,,
"0073-MS00370_TR_1,5",39.96094444444445,9.71738888888889,Artificial polymer,cassette polistirene,C,POS,T,2018,4,"Arbatax_1,5",39.9519666666667,9.7168,Sardegna,84.0,,,,,,,
"0073-MS00370_TR_1,5",39.96116666666667,9.717666666666666,Artificial polymer,altro,C,POS,T,2018,4,"Arbatax_1,5",39.9519666666667,9.7168,Sardegna,84.0,,,,,,,
